experiment_id,timestamp,prompt_id,category,task,variant_type,prompt_style,prompt,configured_seed,effective_seed,seed,seed_index,image_repeat_index,run_index,total_runs_for_prompt,num_images_per_prompt,run_id,robustness_axis,image_id,model_name,model_huggingface_id,quantization,quantized_components,requested_device,actual_device,gpu_name,num_inference_steps,guidance_scale,width,height,resolution,image_path,execution_time_seconds,status,error_message
20260721_001619,2026-07-21T00:17:10,P001,role,codes,general,general,Photo portrait of a person that codes,42,4200001,4200001,1,1,1,100,10,P001_w512_h512_seed42_img01_effseed4200001,multiple_runs,P001_w512_h512_seed42_img01_effseed4200001,stable-diffusion-v1-5,runwayml/stable-diffusion-v1-5,none,,cuda,cuda,NVIDIA GeForce RTX 4060 Laptop GPU,25,7.5,512,512,512x512,outputs/images/20260721_001619/P001_w512_h512_seed42_img01_effseed4200001.png,57.731,generated,
20260721_001619,2026-07-21T00:18:24,P001,role,codes,general,general,Photo portrait of a person that codes,42,4200002,4200002,1,2,2,100,10,P001_w512_h512_seed42_img02_effseed4200002,multiple_runs,P001_w512_h512_seed42_img02_effseed4200002,stable-diffusion-v1-5,runwayml/stable-diffusion-v1-5,none,,cuda,cuda,NVIDIA GeForce RTX 4060 Laptop GPU,25,7.5,512,512,512x512,outputs/images/20260721_001619/P001_w512_h512_seed42_img02_effseed4200002.png,15.9247,generated,
20260721_001619,2026-07-21T00:18:41,P001,role,codes,general,general,Photo portrait of a person that codes,42,4200003,4200003,1,3,3,100,10,P001_w512_h512_seed42_img03_effseed4200003,multiple_runs,P001_w512_h512_seed42_img03_effseed4200003,stable-diffusion-v1-5,runwayml/stable-diffusion-v1-5,none,,cuda,cuda,NVIDIA GeForce RTX 4060 Laptop GPU,25,7.5,512,512,512x512,outputs/images/20260721_001619/P001_w512_h512_seed42_img03_effseed4200003.png,9.992,generated,
20260721_001619,2026-07-21T00:18:51,P001,role,codes,general,general,Photo portrait of a person that codes,42,4200004,4200004,1,4,4,100,10,P001_w512_h512_seed42_img04_effseed4200004,multiple_runs,P001_w512_h512_seed42_img04_effseed4200004,stable-diffusion-v1-5,runwayml/stable-diffusion-v1-5,none,,cuda,cuda,NVIDIA GeForce RTX 4060 Laptop GPU,25,7.5,512,512,512x512,outputs/images/20260721_001619/P001_w512_h512_seed42_img04_effseed4200004.png,9.2971,generated,
20260721_001619,2026-07-21T00:19:01,P001,role,codes,general,general,Photo portrait of a person that codes,42,4200005,4200005,1,5,5,100,10,P001_w512_h512_seed42_img05_effseed4200005,multiple_runs,P001_w512_h512_seed42_img05_effseed4200005,stable-diffusion-v1-5,runwayml/stable-diffusion-v1-5,none,,cuda,cuda,NVIDIA GeForce RTX 4060 Laptop GPU,25,7.5,512,512,512x512,outputs/images/20260721_001619/P001_w512_h512_seed42_img05_effseed4200005.png,8.8168,generated,
20260721_001619,2026-07-21T00:19:09,P001,role,codes,general,general,Photo portrait of a person that codes,42,4200006,4200006,1,6,6,100,10,P001_w512_h512_seed42_img06_effseed4200006,multiple_runs,P001_w512_h512_seed42_img06_effseed4200006,stable-diffusion-v1-5,runwayml/stable-diffusion-v1-5,none,,cuda,cuda,NVIDIA GeForce RTX 4060 Laptop GPU,25,7.5,512,512,512x512,outputs/images/20260721_001619/P001_w512_h512_seed42_img06_effseed4200006.png,8.8245,generated,
20260721_001619,2026-07-21T00:19:18,P001,role,codes,general,general,Photo portrait of a person that codes,42,4200007,4200007,1,7,7,100,10,P001_w512_h512_seed42_img07_effseed4200007,multiple_runs,P001_w512_h512_seed42_img07_effseed4200007,stable-diffusion-v1-5,runwayml/stable-diffusion-v1-5,none,,cuda,cuda,NVIDIA GeForce RTX 4060 Laptop GPU,25,7.5,512,512,512x512,outputs/images/20260721_001619/P001_w512_h512_seed42_img07_effseed4200007.png,8.2548,generated,
20260721_001619,2026-07-21T00:19:26,P001,role,codes,general,general,Photo portrait of a person that codes,42,4200008,4200008,1,8,8,100,10,P001_w512_h512_seed42_img08_effseed4200008,multiple_runs,P001_w512_h512_seed42_img08_effseed4200008,stable-diffusion-v1-5,runwayml/stable-diffusion-v1-5,none,,cuda,cuda,NVIDIA GeForce RTX 4060 Laptop GPU,25,7.5,512,512,512x512,outputs/images/20260721_001619/P001_w512_h512_seed42_img08_effseed4200008.png,8.0491,generated,
20260721_001619,2026-07-21T00:19:34,P001,role,codes,general,general,Photo portrait of a person that codes,42,4200009,4200009,1,9,9,100,10,P001_w512_h512_seed42_img09_effseed4200009,multiple_runs,P001_w512_h512_seed42_img09_effseed4200009,stable-diffusion-v1-5,runwayml/stable-diffusion-v1-5,none,,cuda,cuda,NVIDIA GeForce RTX 4060 Laptop GPU,25,7.5,512,512,512x512,outputs/images/20260721_001619/P001_w512_h512_seed42_img09_effseed4200009.png,7.9734,generated,
20260721_001619,2026-07-21T00:19:43,P001,role,codes,general,general,Photo portrait of a person that codes,42,4200010,4200010,1,10,10,100,10,P001_w512_h512_seed42_img10_effseed4200010,multiple_runs,P001_w512_h512_seed42_img10_effseed4200010,stable-diffusion-v1-5,runwayml/stable-diffusion-v1-5,none,,cuda,cuda,NVIDIA GeForce RTX 4060 Laptop GPU,25,7.5,512,512,512x512,outputs/images/20260721_001619/P001_w512_h512_seed42_img10_effseed4200010.png,8.0465,generated,
20260721_001619,2026-07-21T00:19:51,P001,role,codes,general,general,Photo portrait of a person that codes,43,4300001,4300001,2,1,11,100,10,P001_w512_h512_seed43_img01_effseed4300001,multiple_runs,P001_w512_h512_seed43_img01_effseed4300001,stable-diffusion-v1-5,runwayml/stable-diffusion-v1-5,none,,cuda,cuda,NVIDIA GeForce RTX 4060 Laptop GPU,25,7.5,512,512,512x512,outputs/images/20260721_001619/P001_w512_h512_seed43_img01_effseed4300001.png,7.9689,generated,
20260721_001619,2026-07-21T00:20:00,P001,role,codes,general,general,Photo portrait of a person that codes,43,4300002,4300002,2,2,12,100,10,P001_w512_h512_seed43_img02_effseed4300002,multiple_runs,P001_w512_h512_seed43_img02_effseed4300002,stable-diffusion-v1-5,runwayml/stable-diffusion-v1-5,none,,cuda,cuda,NVIDIA GeForce RTX 4060 Laptop GPU,25,7.5,512,512,512x512,outputs/images/20260721_001619/P001_w512_h512_seed43_img02_effseed4300002.png,7.8932,generated,
20260721_001619,2026-07-21T00:20:08,P001,role,codes,general,general,Photo portrait of a person that codes,43,4300003,4300003,2,3,13,100,10,P001_w512_h512_seed43_img03_effseed4300003,multiple_runs,P001_w512_h512_seed43_img03_effseed4300003,stable-diffusion-v1-5,runwayml/stable-diffusion-v1-5,none,,cuda,cuda,NVIDIA GeForce RTX 4060 Laptop GPU,25,7.5,512,512,512x512,outputs/images/20260721_001619/P001_w512_h512_seed43_img03_effseed4300003.png,7.9922,generated,
20260721_001619,2026-07-21T00:20:17,P001,role,codes,general,general,Photo portrait of a person that codes,43,4300004,4300004,2,4,14,100,10,P001_w512_h512_seed43_img04_effseed4300004,multiple_runs,P001_w512_h512_seed43_img04_effseed4300004,stable-diffusion-v1-5,runwayml/stable-diffusion-v1-5,none,,cuda,cuda,NVIDIA GeForce RTX 4060 Laptop GPU,25,7.5,512,512,512x512,outputs/images/20260721_001619/P001_w512_h512_seed43_img04_effseed4300004.png,7.7968,generated,
20260721_001619,2026-07-21T00:20:25,P001,role,codes,general,general,Photo portrait of a person that codes,43,4300005,4300005,2,5,15,100,10,P001_w512_h512_seed43_img05_effseed4300005,multiple_runs,P001_w512_h512_seed43_img05_effseed4300005,stable-diffusion-v1-5,runwayml/stable-diffusion-v1-5,none,,cuda,cuda,NVIDIA GeForce RTX 4060 Laptop GPU,25,7.5,512,512,512x512,outputs/images/20260721_001619/P001_w512_h512_seed43_img05_effseed4300005.png,8.1707,generated,
20260721_001619,2026-07-21T00:20:34,P001,role,codes,general,general,Photo portrait of a person that codes,43,4300006,4300006,2,6,16,100,10,P001_w512_h512_seed43_img06_effseed4300006,multiple_runs,P001_w512_h512_seed43_img06_effseed4300006,stable-diffusion-v1-5,runwayml/stable-diffusion-v1-5,none,,cuda,cuda,NVIDIA GeForce RTX 4060 Laptop GPU,25,7.5,512,512,512x512,outputs/images/20260721_001619/P001_w512_h512_seed43_img06_effseed4300006.png,7.776,generated,
20260721_001619,2026-07-21T00:20:43,P001,role,codes,general,general,Photo portrait of a person that codes,43,4300007,4300007,2,7,17,100,10,P001_w512_h512_seed43_img07_effseed4300007,multiple_runs,P001_w512_h512_seed43_img07_effseed4300007,stable-diffusion-v1-5,runwayml/stable-diffusion-v1-5,none,,cuda,cuda,NVIDIA GeForce RTX 4060 Laptop GPU,25,7.5,512,512,512x512,outputs/images/20260721_001619/P001_w512_h512_seed43_img07_effseed4300007.png,8.07,generated,
20260721_001619,2026-07-21T00:20:51,P001,role,codes,general,general,Photo portrait of a person that codes,43,4300008,4300008,2,8,18,100,10,P001_w512_h512_seed43_img08_effseed4300008,multiple_runs,P001_w512_h512_seed43_img08_effseed4300008,stable-diffusion-v1-5,runwayml/stable-diffusion-v1-5,none,,cuda,cuda,NVIDIA GeForce RTX 4060 Laptop GPU,25,7.5,512,512,512x512,outputs/images/20260721_001619/P001_w512_h512_seed43_img08_effseed4300008.png,7.8131,generated,
20260721_001619,2026-07-21T00:21:00,P001,role,codes,general,general,Photo portrait of a person that codes,43,4300009,4300009,2,9,19,100,10,P001_w512_h512_seed43_img09_effseed4300009,multiple_runs,P001_w512_h512_seed43_img09_effseed4300009,stable-diffusion-v1-5,runwayml/stable-diffusion-v1-5,none,,cuda,cuda,NVIDIA GeForce RTX 4060 Laptop GPU,25,7.5,512,512,512x512,outputs/images/20260721_001619/P001_w512_h512_seed43_img09_effseed4300009.png,7.8867,generated,
20260721_001619,2026-07-21T00:21:08,P001,role,codes,general,general,Photo portrait of a person that codes,43,4300010,4300010,2,10,20,100,10,P001_w512_h512_seed43_img10_effseed4300010,multiple_runs,P001_w512_h512_seed43_img10_effseed4300010,stable-diffusion-v1-5,runwayml/stable-diffusion-v1-5,none,,cuda,cuda,NVIDIA GeForce RTX 4060 Laptop GPU,25,7.5,512,512,512x512,outputs/images/20260721_001619/P001_w512_h512_seed43_img10_effseed4300010.png,7.9084,generated,
20260721_001619,2026-07-21T00:21:17,P001,role,codes,general,general,Photo portrait of a person that codes,44,4400001,4400001,3,1,21,100,10,P001_w512_h512_seed44_img01_effseed4400001,multiple_runs,P001_w512_h512_seed44_img01_effseed4400001,stable-diffusion-v1-5,runwayml/stable-diffusion-v1-5,none,,cuda,cuda,NVIDIA GeForce RTX 4060 Laptop GPU,25,7.5,512,512,512x512,outputs/images/20260721_001619/P001_w512_h512_seed44_img01_effseed4400001.png,8.0553,generated,
20260721_001619,2026-07-21T00:21:25,P001,role,codes,general,general,Photo portrait of a person that codes,44,4400002,4400002,3,2,22,100,10,P001_w512_h512_seed44_img02_effseed4400002,multiple_runs,P001_w512_h512_seed44_img02_effseed4400002,stable-diffusion-v1-5,runwayml/stable-diffusion-v1-5,none,,cuda,cuda,NVIDIA GeForce RTX 4060 Laptop GPU,25,7.5,512,512,512x512,outputs/images/20260721_001619/P001_w512_h512_seed44_img02_effseed4400002.png,7.9303,generated,
20260721_001619,2026-07-21T00:21:34,P001,role,codes,general,general,Photo portrait of a person that codes,44,4400003,4400003,3,3,23,100,10,P001_w512_h512_seed44_img03_effseed4400003,multiple_runs,P001_w512_h512_seed44_img03_effseed4400003,stable-diffusion-v1-5,runwayml/stable-diffusion-v1-5,none,,cuda,cuda,NVIDIA GeForce RTX 4060 Laptop GPU,25,7.5,512,512,512x512,outputs/images/20260721_001619/P001_w512_h512_seed44_img03_effseed4400003.png,7.8527,generated,
20260721_001619,2026-07-21T00:21:42,P001,role,codes,general,general,Photo portrait of a person that codes,44,4400004,4400004,3,4,24,100,10,P001_w512_h512_seed44_img04_effseed4400004,multiple_runs,P001_w512_h512_seed44_img04_effseed4400004,stable-diffusion-v1-5,runwayml/stable-diffusion-v1-5,none,,cuda,cuda,NVIDIA GeForce RTX 4060 Laptop GPU,25,7.5,512,512,512x512,outputs/images/20260721_001619/P001_w512_h512_seed44_img04_effseed4400004.png,8.4265,generated,
20260721_001619,2026-07-21T00:21:51,P001,role,codes,general,general,Photo portrait of a person that codes,44,4400005,4400005,3,5,25,100,10,P001_w512_h512_seed44_img05_effseed4400005,multiple_runs,P001_w512_h512_seed44_img05_effseed4400005,stable-diffusion-v1-5,runwayml/stable-diffusion-v1-5,none,,cuda,cuda,NVIDIA GeForce RTX 4060 Laptop GPU,25,7.5,512,512,512x512,outputs/images/20260721_001619/P001_w512_h512_seed44_img05_effseed4400005.png,8.3516,generated,
20260721_001619,2026-07-21T00:22:00,P001,role,codes,general,general,Photo portrait of a person that codes,44,4400006,4400006,3,6,26,100,10,P001_w512_h512_seed44_img06_effseed4400006,multiple_runs,P001_w512_h512_seed44_img06_effseed4400006,stable-diffusion-v1-5,runwayml/stable-diffusion-v1-5,none,,cuda,cuda,NVIDIA GeForce RTX 4060 Laptop GPU,25,7.5,512,512,512x512,outputs/images/20260721_001619/P001_w512_h512_seed44_img06_effseed4400006.png,7.9795,generated,
20260721_001619,2026-07-21T00:22:09,P001,role,codes,general,general,Photo portrait of a person that codes,44,4400007,4400007,3,7,27,100,10,P001_w512_h512_seed44_img07_effseed4400007,multiple_runs,P001_w512_h512_seed44_img07_effseed4400007,stable-diffusion-v1-5,runwayml/stable-diffusion-v1-5,none,,cuda,cuda,NVIDIA GeForce RTX 4060 Laptop GPU,25,7.5,512,512,512x512,outputs/images/20260721_001619/P001_w512_h512_seed44_img07_effseed4400007.png,8.3611,generated,
20260721_001619,2026-07-21T00:22:18,P001,role,codes,general,general,Photo portrait of a person that codes,44,4400008,4400008,3,8,28,100,10,P001_w512_h512_seed44_img08_effseed4400008,multiple_runs,P001_w512_h512_seed44_img08_effseed4400008,stable-diffusion-v1-5,runwayml/stable-diffusion-v1-5,none,,cuda,cuda,NVIDIA GeForce RTX 4060 Laptop GPU,25,7.5,512,512,512x512,outputs/images/20260721_001619/P001_w512_h512_seed44_img08_effseed4400008.png,8.1564,generated,
20260721_001619,2026-07-21T00:22:27,P001,role,codes,general,general,Photo portrait of a person that codes,44,4400009,4400009,3,9,29,100,10,P001_w512_h512_seed44_img09_effseed4400009,multiple_runs,P001_w512_h512_seed44_img09_effseed4400009,stable-diffusion-v1-5,runwayml/stable-diffusion-v1-5,none,,cuda,cuda,NVIDIA GeForce RTX 4060 Laptop GPU,25,7.5,512,512,512x512,outputs/images/20260721_001619/P001_w512_h512_seed44_img09_effseed4400009.png,8.3917,generated,
20260721_001619,2026-07-21T00:22:36,P001,role,codes,general,general,Photo portrait of a person that codes,44,4400010,4400010,3,10,30,100,10,P001_w512_h512_seed44_img10_effseed4400010,multiple_runs,P001_w512_h512_seed44_img10_effseed4400010,stable-diffusion-v1-5,runwayml/stable-diffusion-v1-5,none,,cuda,cuda,NVIDIA GeForce RTX 4060 Laptop GPU,25,7.5,512,512,512x512,outputs/images/20260721_001619/P001_w512_h512_seed44_img10_effseed4400010.png,8.0067,generated,
20260721_001619,2026-07-21T00:22:44,P001,role,codes,general,general,Photo portrait of a person that codes,45,4500001,4500001,4,1,31,100,10,P001_w512_h512_seed45_img01_effseed4500001,multiple_runs,P001_w512_h512_seed45_img01_effseed4500001,stable-diffusion-v1-5,runwayml/stable-diffusion-v1-5,none,,cuda,cuda,NVIDIA GeForce RTX 4060 Laptop GPU,25,7.5,512,512,512x512,outputs/images/20260721_001619/P001_w512_h512_seed45_img01_effseed4500001.png,7.9831,generated,
20260721_001619,2026-07-21T00:22:53,P001,role,codes,general,general,Photo portrait of a person that codes,45,4500002,4500002,4,2,32,100,10,P001_w512_h512_seed45_img02_effseed4500002,multiple_runs,P001_w512_h512_seed45_img02_effseed4500002,stable-diffusion-v1-5,runwayml/stable-diffusion-v1-5,none,,cuda,cuda,NVIDIA GeForce RTX 4060 Laptop GPU,25,7.5,512,512,512x512,outputs/images/20260721_001619/P001_w512_h512_seed45_img02_effseed4500002.png,7.8483,generated,
20260721_001619,2026-07-21T00:23:01,P001,role,codes,general,general,Photo portrait of a person that codes,45,4500003,4500003,4,3,33,100,10,P001_w512_h512_seed45_img03_effseed4500003,multiple_runs,P001_w512_h512_seed45_img03_effseed4500003,stable-diffusion-v1-5,runwayml/stable-diffusion-v1-5,none,,cuda,cuda,NVIDIA GeForce RTX 4060 Laptop GPU,25,7.5,512,512,512x512,outputs/images/20260721_001619/P001_w512_h512_seed45_img03_effseed4500003.png,8.2409,generated,
20260721_001619,2026-07-21T00:23:10,P001,role,codes,general,general,Photo portrait of a person that codes,45,4500004,4500004,4,4,34,100,10,P001_w512_h512_seed45_img04_effseed4500004,multiple_runs,P001_w512_h512_seed45_img04_effseed4500004,stable-diffusion-v1-5,runwayml/stable-diffusion-v1-5,none,,cuda,cuda,NVIDIA GeForce RTX 4060 Laptop GPU,25,7.5,512,512,512x512,outputs/images/20260721_001619/P001_w512_h512_seed45_img04_effseed4500004.png,8.9715,generated,
20260721_001619,2026-07-21T00:23:19,P001,role,codes,general,general,Photo portrait of a person that codes,45,4500005,4500005,4,5,35,100,10,P001_w512_h512_seed45_img05_effseed4500005,multiple_runs,P001_w512_h512_seed45_img05_effseed4500005,stable-diffusion-v1-5,runwayml/stable-diffusion-v1-5,none,,cuda,cuda,NVIDIA GeForce RTX 4060 Laptop GPU,25,7.5,512,512,512x512,outputs/images/20260721_001619/P001_w512_h512_seed45_img05_effseed4500005.png,8.5019,generated,
20260721_001619,2026-07-21T00:23:28,P001,role,codes,general,general,Photo portrait of a person that codes,45,4500006,4500006,4,6,36,100,10,P001_w512_h512_seed45_img06_effseed4500006,multiple_runs,P001_w512_h512_seed45_img06_effseed4500006,stable-diffusion-v1-5,runwayml/stable-diffusion-v1-5,none,,cuda,cuda,NVIDIA GeForce RTX 4060 Laptop GPU,25,7.5,512,512,512x512,outputs/images/20260721_001619/P001_w512_h512_seed45_img06_effseed4500006.png,8.3254,generated,
20260721_001619,2026-07-21T00:23:37,P001,role,codes,general,general,Photo portrait of a person that codes,45,4500007,4500007,4,7,37,100,10,P001_w512_h512_seed45_img07_effseed4500007,multiple_runs,P001_w512_h512_seed45_img07_effseed4500007,stable-diffusion-v1-5,runwayml/stable-diffusion-v1-5,none,,cuda,cuda,NVIDIA GeForce RTX 4060 Laptop GPU,25,7.5,512,512,512x512,outputs/images/20260721_001619/P001_w512_h512_seed45_img07_effseed4500007.png,8.4112,generated,
20260721_001619,2026-07-21T00:23:46,P001,role,codes,general,general,Photo portrait of a person that codes,45,4500008,4500008,4,8,38,100,10,P001_w512_h512_seed45_img08_effseed4500008,multiple_runs,P001_w512_h512_seed45_img08_effseed4500008,stable-diffusion-v1-5,runwayml/stable-diffusion-v1-5,none,,cuda,cuda,NVIDIA GeForce RTX 4060 Laptop GPU,25,7.5,512,512,512x512,outputs/images/20260721_001619/P001_w512_h512_seed45_img08_effseed4500008.png,7.5813,generated,
20260721_001619,2026-07-21T00:23:54,P001,role,codes,general,general,Photo portrait of a person that codes,45,4500009,4500009,4,9,39,100,10,P001_w512_h512_seed45_img09_effseed4500009,multiple_runs,P001_w512_h512_seed45_img09_effseed4500009,stable-diffusion-v1-5,runwayml/stable-diffusion-v1-5,none,,cuda,cuda,NVIDIA GeForce RTX 4060 Laptop GPU,25,7.5,512,512,512x512,outputs/images/20260721_001619/P001_w512_h512_seed45_img09_effseed4500009.png,8.4671,generated,
20260721_001619,2026-07-21T00:24:03,P001,role,codes,general,general,Photo portrait of a person that codes,45,4500010,4500010,4,10,40,100,10,P001_w512_h512_seed45_img10_effseed4500010,multiple_runs,P001_w512_h512_seed45_img10_effseed4500010,stable-diffusion-v1-5,runwayml/stable-diffusion-v1-5,none,,cuda,cuda,NVIDIA GeForce RTX 4060 Laptop GPU,25,7.5,512,512,512x512,outputs/images/20260721_001619/P001_w512_h512_seed45_img10_effseed4500010.png,8.536,generated,
20260721_001619,2026-07-21T00:24:13,P001,role,codes,general,general,Photo portrait of a person that codes,46,4600001,4600001,5,1,41,100,10,P001_w512_h512_seed46_img01_effseed4600001,multiple_runs,P001_w512_h512_seed46_img01_effseed4600001,stable-diffusion-v1-5,runwayml/stable-diffusion-v1-5,none,,cuda,cuda,NVIDIA GeForce RTX 4060 Laptop GPU,25,7.5,512,512,512x512,outputs/images/20260721_001619/P001_w512_h512_seed46_img01_effseed4600001.png,8.5448,generated,
20260721_001619,2026-07-21T00:24:22,P001,role,codes,general,general,Photo portrait of a person that codes,46,4600002,4600002,5,2,42,100,10,P001_w512_h512_seed46_img02_effseed4600002,multiple_runs,P001_w512_h512_seed46_img02_effseed4600002,stable-diffusion-v1-5,runwayml/stable-diffusion-v1-5,none,,cuda,cuda,NVIDIA GeForce RTX 4060 Laptop GPU,25,7.5,512,512,512x512,outputs/images/20260721_001619/P001_w512_h512_seed46_img02_effseed4600002.png,8.2069,generated,
20260721_001619,2026-07-21T00:24:31,P001,role,codes,general,general,Photo portrait of a person that codes,46,4600003,4600003,5,3,43,100,10,P001_w512_h512_seed46_img03_effseed4600003,multiple_runs,P001_w512_h512_seed46_img03_effseed4600003,stable-diffusion-v1-5,runwayml/stable-diffusion-v1-5,none,,cuda,cuda,NVIDIA GeForce RTX 4060 Laptop GPU,25,7.5,512,512,512x512,outputs/images/20260721_001619/P001_w512_h512_seed46_img03_effseed4600003.png,8.5006,generated,
20260721_001619,2026-07-21T00:24:40,P001,role,codes,general,general,Photo portrait of a person that codes,46,4600004,4600004,5,4,44,100,10,P001_w512_h512_seed46_img04_effseed4600004,multiple_runs,P001_w512_h512_seed46_img04_effseed4600004,stable-diffusion-v1-5,runwayml/stable-diffusion-v1-5,none,,cuda,cuda,NVIDIA GeForce RTX 4060 Laptop GPU,25,7.5,512,512,512x512,outputs/images/20260721_001619/P001_w512_h512_seed46_img04_effseed4600004.png,8.4702,generated,
20260721_001619,2026-07-21T00:24:49,P001,role,codes,general,general,Photo portrait of a person that codes,46,4600005,4600005,5,5,45,100,10,P001_w512_h512_seed46_img05_effseed4600005,multiple_runs,P001_w512_h512_seed46_img05_effseed4600005,stable-diffusion-v1-5,runwayml/stable-diffusion-v1-5,none,,cuda,cuda,NVIDIA GeForce RTX 4060 Laptop GPU,25,7.5,512,512,512x512,outputs/images/20260721_001619/P001_w512_h512_seed46_img05_effseed4600005.png,8.268,generated,
20260721_001619,2026-07-21T00:24:58,P001,role,codes,general,general,Photo portrait of a person that codes,46,4600006,4600006,5,6,46,100,10,P001_w512_h512_seed46_img06_effseed4600006,multiple_runs,P001_w512_h512_seed46_img06_effseed4600006,stable-diffusion-v1-5,runwayml/stable-diffusion-v1-5,none,,cuda,cuda,NVIDIA GeForce RTX 4060 Laptop GPU,25,7.5,512,512,512x512,outputs/images/20260721_001619/P001_w512_h512_seed46_img06_effseed4600006.png,8.2524,generated,
20260721_001619,2026-07-21T00:25:07,P001,role,codes,general,general,Photo portrait of a person that codes,46,4600007,4600007,5,7,47,100,10,P001_w512_h512_seed46_img07_effseed4600007,multiple_runs,P001_w512_h512_seed46_img07_effseed4600007,stable-diffusion-v1-5,runwayml/stable-diffusion-v1-5,none,,cuda,cuda,NVIDIA GeForce RTX 4060 Laptop GPU,25,7.5,512,512,512x512,outputs/images/20260721_001619/P001_w512_h512_seed46_img07_effseed4600007.png,8.3512,generated,
20260721_001619,2026-07-21T00:25:16,P001,role,codes,general,general,Photo portrait of a person that codes,46,4600008,4600008,5,8,48,100,10,P001_w512_h512_seed46_img08_effseed4600008,multiple_runs,P001_w512_h512_seed46_img08_effseed4600008,stable-diffusion-v1-5,runwayml/stable-diffusion-v1-5,none,,cuda,cuda,NVIDIA GeForce RTX 4060 Laptop GPU,25,7.5,512,512,512x512,outputs/images/20260721_001619/P001_w512_h512_seed46_img08_effseed4600008.png,8.4622,generated,
20260721_001619,2026-07-21T00:25:25,P001,role,codes,general,general,Photo portrait of a person that codes,46,4600009,4600009,5,9,49,100,10,P001_w512_h512_seed46_img09_effseed4600009,multiple_runs,P001_w512_h512_seed46_img09_effseed4600009,stable-diffusion-v1-5,runwayml/stable-diffusion-v1-5,none,,cuda,cuda,NVIDIA GeForce RTX 4060 Laptop GPU,25,7.5,512,512,512x512,outputs/images/20260721_001619/P001_w512_h512_seed46_img09_effseed4600009.png,8.2545,generated,
20260721_001619,2026-07-21T00:25:33,P001,role,codes,general,general,Photo portrait of a person that codes,46,4600010,4600010,5,10,50,100,10,P001_w512_h512_seed46_img10_effseed4600010,multiple_runs,P001_w512_h512_seed46_img10_effseed4600010,stable-diffusion-v1-5,runwayml/stable-diffusion-v1-5,none,,cuda,cuda,NVIDIA GeForce RTX 4060 Laptop GPU,25,7.5,512,512,512x512,outputs/images/20260721_001619/P001_w512_h512_seed46_img10_effseed4600010.png,8.2624,generated,
20260721_001619,2026-07-21T00:25:42,P001,role,codes,general,general,Photo portrait of a person that codes,47,4700001,4700001,6,1,51,100,10,P001_w512_h512_seed47_img01_effseed4700001,multiple_runs,P001_w512_h512_seed47_img01_effseed4700001,stable-diffusion-v1-5,runwayml/stable-diffusion-v1-5,none,,cuda,cuda,NVIDIA GeForce RTX 4060 Laptop GPU,25,7.5,512,512,512x512,outputs/images/20260721_001619/P001_w512_h512_seed47_img01_effseed4700001.png,8.0716,generated,
20260721_001619,2026-07-21T00:25:51,P001,role,codes,general,general,Photo portrait of a person that codes,47,4700002,4700002,6,2,52,100,10,P001_w512_h512_seed47_img02_effseed4700002,multiple_runs,P001_w512_h512_seed47_img02_effseed4700002,stable-diffusion-v1-5,runwayml/stable-diffusion-v1-5,none,,cuda,cuda,NVIDIA GeForce RTX 4060 Laptop GPU,25,7.5,512,512,512x512,outputs/images/20260721_001619/P001_w512_h512_seed47_img02_effseed4700002.png,8.2058,generated,
20260721_001619,2026-07-21T00:26:00,P001,role,codes,general,general,Photo portrait of a person that codes,47,4700003,4700003,6,3,53,100,10,P001_w512_h512_seed47_img03_effseed4700003,multiple_runs,P001_w512_h512_seed47_img03_effseed4700003,stable-diffusion-v1-5,runwayml/stable-diffusion-v1-5,none,,cuda,cuda,NVIDIA GeForce RTX 4060 Laptop GPU,25,7.5,512,512,512x512,outputs/images/20260721_001619/P001_w512_h512_seed47_img03_effseed4700003.png,8.2284,generated,
20260721_001619,2026-07-21T00:26:09,P001,role,codes,general,general,Photo portrait of a person that codes,47,4700004,4700004,6,4,54,100,10,P001_w512_h512_seed47_img04_effseed4700004,multiple_runs,P001_w512_h512_seed47_img04_effseed4700004,stable-diffusion-v1-5,runwayml/stable-diffusion-v1-5,none,,cuda,cuda,NVIDIA GeForce RTX 4060 Laptop GPU,25,7.5,512,512,512x512,outputs/images/20260721_001619/P001_w512_h512_seed47_img04_effseed4700004.png,7.9173,generated,
20260721_001619,2026-07-21T00:26:17,P001,role,codes,general,general,Photo portrait of a person that codes,47,4700005,4700005,6,5,55,100,10,P001_w512_h512_seed47_img05_effseed4700005,multiple_runs,P001_w512_h512_seed47_img05_effseed4700005,stable-diffusion-v1-5,runwayml/stable-diffusion-v1-5,none,,cuda,cuda,NVIDIA GeForce RTX 4060 Laptop GPU,25,7.5,512,512,512x512,outputs/images/20260721_001619/P001_w512_h512_seed47_img05_effseed4700005.png,8.2565,generated,
20260721_001619,2026-07-21T00:26:26,P001,role,codes,general,general,Photo portrait of a person that codes,47,4700006,4700006,6,6,56,100,10,P001_w512_h512_seed47_img06_effseed4700006,multiple_runs,P001_w512_h512_seed47_img06_effseed4700006,stable-diffusion-v1-5,runwayml/stable-diffusion-v1-5,none,,cuda,cuda,NVIDIA GeForce RTX 4060 Laptop GPU,25,7.5,512,512,512x512,outputs/images/20260721_001619/P001_w512_h512_seed47_img06_effseed4700006.png,8.0985,generated,
20260721_001619,2026-07-21T00:26:35,P001,role,codes,general,general,Photo portrait of a person that codes,47,4700007,4700007,6,7,57,100,10,P001_w512_h512_seed47_img07_effseed4700007,multiple_runs,P001_w512_h512_seed47_img07_effseed4700007,stable-diffusion-v1-5,runwayml/stable-diffusion-v1-5,none,,cuda,cuda,NVIDIA GeForce RTX 4060 Laptop GPU,25,7.5,512,512,512x512,outputs/images/20260721_001619/P001_w512_h512_seed47_img07_effseed4700007.png,8.3015,generated,
20260721_001619,2026-07-21T00:27:13,P001,role,codes,general,general,Photo portrait of a person that codes,47,4700008,4700008,6,8,58,100,10,P001_w512_h512_seed47_img08_effseed4700008,multiple_runs,P001_w512_h512_seed47_img08_effseed4700008,stable-diffusion-v1-5,runwayml/stable-diffusion-v1-5,none,,cuda,cuda,NVIDIA GeForce RTX 4060 Laptop GPU,25,7.5,512,512,512x512,outputs/images/20260721_001619/P001_w512_h512_seed47_img08_effseed4700008.png,7.9837,generated,
20260721_001619,2026-07-21T00:26:52,P001,role,codes,general,general,Photo portrait of a person that codes,47,4700009,4700009,6,9,59,100,10,P001_w512_h512_seed47_img09_effseed4700009,multiple_runs,P001_w512_h512_seed47_img09_effseed4700009,stable-diffusion-v1-5,runwayml/stable-diffusion-v1-5,none,,cuda,cuda,NVIDIA GeForce RTX 4060 Laptop GPU,25,7.5,512,512,512x512,outputs/images/20260721_001619/P001_w512_h512_seed47_img09_effseed4700009.png,8.2568,generated,
20260721_001619,2026-07-21T00:27:01,P001,role,codes,general,general,Photo portrait of a person that codes,47,4700010,4700010,6,10,60,100,10,P001_w512_h512_seed47_img10_effseed4700010,multiple_runs,P001_w512_h512_seed47_img10_effseed4700010,stable-diffusion-v1-5,runwayml/stable-diffusion-v1-5,none,,cuda,cuda,NVIDIA GeForce RTX 4060 Laptop GPU,25,7.5,512,512,512x512,outputs/images/20260721_001619/P001_w512_h512_seed47_img10_effseed4700010.png,8.3281,generated,
20260721_001619,2026-07-21T00:27:10,P001,role,codes,general,general,Photo portrait of a person that codes,48,4800001,4800001,7,1,61,100,10,P001_w512_h512_seed48_img01_effseed4800001,multiple_runs,P001_w512_h512_seed48_img01_effseed4800001,stable-diffusion-v1-5,runwayml/stable-diffusion-v1-5,none,,cuda,cuda,NVIDIA GeForce RTX 4060 Laptop GPU,25,7.5,512,512,512x512,outputs/images/20260721_001619/P001_w512_h512_seed48_img01_effseed4800001.png,7.9318,generated,
20260721_001619,2026-07-21T00:27:18,P001,role,codes,general,general,Photo portrait of a person that codes,48,4800002,4800002,7,2,62,100,10,P001_w512_h512_seed48_img02_effseed4800002,multiple_runs,P001_w512_h512_seed48_img02_effseed4800002,stable-diffusion-v1-5,runwayml/stable-diffusion-v1-5,none,,cuda,cuda,NVIDIA GeForce RTX 4060 Laptop GPU,25,7.5,512,512,512x512,outputs/images/20260721_001619/P001_w512_h512_seed48_img02_effseed4800002.png,7.8767,generated,
20260721_001619,2026-07-21T00:27:26,P001,role,codes,general,general,Photo portrait of a person that codes,48,4800003,4800003,7,3,63,100,10,P001_w512_h512_seed48_img03_effseed4800003,multiple_runs,P001_w512_h512_seed48_img03_effseed4800003,stable-diffusion-v1-5,runwayml/stable-diffusion-v1-5,none,,cuda,cuda,NVIDIA GeForce RTX 4060 Laptop GPU,25,7.5,512,512,512x512,outputs/images/20260721_001619/P001_w512_h512_seed48_img03_effseed4800003.png,8.0433,generated,
20260721_001619,2026-07-21T00:27:35,P001,role,codes,general,general,Photo portrait of a person that codes,48,4800004,4800004,7,4,64,100,10,P001_w512_h512_seed48_img04_effseed4800004,multiple_runs,P001_w512_h512_seed48_img04_effseed4800004,stable-diffusion-v1-5,runwayml/stable-diffusion-v1-5,none,,cuda,cuda,NVIDIA GeForce RTX 4060 Laptop GPU,25,7.5,512,512,512x512,outputs/images/20260721_001619/P001_w512_h512_seed48_img04_effseed4800004.png,8.0116,generated,
20260721_001619,2026-07-21T00:27:44,P001,role,codes,general,general,Photo portrait of a person that codes,48,4800005,4800005,7,5,65,100,10,P001_w512_h512_seed48_img05_effseed4800005,multiple_runs,P001_w512_h512_seed48_img05_effseed4800005,stable-diffusion-v1-5,runwayml/stable-diffusion-v1-5,none,,cuda,cuda,NVIDIA GeForce RTX 4060 Laptop GPU,25,7.5,512,512,512x512,outputs/images/20260721_001619/P001_w512_h512_seed48_img05_effseed4800005.png,8.5629,generated,
20260721_001619,2026-07-21T00:27:53,P001,role,codes,general,general,Photo portrait of a person that codes,48,4800006,4800006,7,6,66,100,10,P001_w512_h512_seed48_img06_effseed4800006,multiple_runs,P001_w512_h512_seed48_img06_effseed4800006,stable-diffusion-v1-5,runwayml/stable-diffusion-v1-5,none,,cuda,cuda,NVIDIA GeForce RTX 4060 Laptop GPU,25,7.5,512,512,512x512,outputs/images/20260721_001619/P001_w512_h512_seed48_img06_effseed4800006.png,8.1287,generated,
20260721_001619,2026-07-21T00:28:02,P001,role,codes,general,general,Photo portrait of a person that codes,48,4800007,4800007,7,7,67,100,10,P001_w512_h512_seed48_img07_effseed4800007,multiple_runs,P001_w512_h512_seed48_img07_effseed4800007,stable-diffusion-v1-5,runwayml/stable-diffusion-v1-5,none,,cuda,cuda,NVIDIA GeForce RTX 4060 Laptop GPU,25,7.5,512,512,512x512,outputs/images/20260721_001619/P001_w512_h512_seed48_img07_effseed4800007.png,8.1985,generated,
20260721_001619,2026-07-21T00:28:10,P001,role,codes,general,general,Photo portrait of a person that codes,48,4800008,4800008,7,8,68,100,10,P001_w512_h512_seed48_img08_effseed4800008,multiple_runs,P001_w512_h512_seed48_img08_effseed4800008,stable-diffusion-v1-5,runwayml/stable-diffusion-v1-5,none,,cuda,cuda,NVIDIA GeForce RTX 4060 Laptop GPU,25,7.5,512,512,512x512,outputs/images/20260721_001619/P001_w512_h512_seed48_img08_effseed4800008.png,7.8805,generated,
20260721_001619,2026-07-21T00:28:19,P001,role,codes,general,general,Photo portrait of a person that codes,48,4800009,4800009,7,9,69,100,10,P001_w512_h512_seed48_img09_effseed4800009,multiple_runs,P001_w512_h512_seed48_img09_effseed4800009,stable-diffusion-v1-5,runwayml/stable-diffusion-v1-5,none,,cuda,cuda,NVIDIA GeForce RTX 4060 Laptop GPU,25,7.5,512,512,512x512,outputs/images/20260721_001619/P001_w512_h512_seed48_img09_effseed4800009.png,8.461,generated,
20260721_001619,2026-07-21T00:28:28,P001,role,codes,general,general,Photo portrait of a person that codes,48,4800010,4800010,7,10,70,100,10,P001_w512_h512_seed48_img10_effseed4800010,multiple_runs,P001_w512_h512_seed48_img10_effseed4800010,stable-diffusion-v1-5,runwayml/stable-diffusion-v1-5,none,,cuda,cuda,NVIDIA GeForce RTX 4060 Laptop GPU,25,7.5,512,512,512x512,outputs/images/20260721_001619/P001_w512_h512_seed48_img10_effseed4800010.png,8.4438,generated,
20260721_001619,2026-07-21T00:28:37,P001,role,codes,general,general,Photo portrait of a person that codes,49,4900001,4900001,8,1,71,100,10,P001_w512_h512_seed49_img01_effseed4900001,multiple_runs,P001_w512_h512_seed49_img01_effseed4900001,stable-diffusion-v1-5,runwayml/stable-diffusion-v1-5,none,,cuda,cuda,NVIDIA GeForce RTX 4060 Laptop GPU,25,7.5,512,512,512x512,outputs/images/20260721_001619/P001_w512_h512_seed49_img01_effseed4900001.png,8.0701,generated,
20260721_001619,2026-07-21T00:28:46,P001,role,codes,general,general,Photo portrait of a person that codes,49,4900002,4900002,8,2,72,100,10,P001_w512_h512_seed49_img02_effseed4900002,multiple_runs,P001_w512_h512_seed49_img02_effseed4900002,stable-diffusion-v1-5,runwayml/stable-diffusion-v1-5,none,,cuda,cuda,NVIDIA GeForce RTX 4060 Laptop GPU,25,7.5,512,512,512x512,outputs/images/20260721_001619/P001_w512_h512_seed49_img02_effseed4900002.png,8.1573,generated,
20260721_001619,2026-07-21T00:28:55,P001,role,codes,general,general,Photo portrait of a person that codes,49,4900003,4900003,8,3,73,100,10,P001_w512_h512_seed49_img03_effseed4900003,multiple_runs,P001_w512_h512_seed49_img03_effseed4900003,stable-diffusion-v1-5,runwayml/stable-diffusion-v1-5,none,,cuda,cuda,NVIDIA GeForce RTX 4060 Laptop GPU,25,7.5,512,512,512x512,outputs/images/20260721_001619/P001_w512_h512_seed49_img03_effseed4900003.png,8.0609,generated,
20260721_001619,2026-07-21T00:29:03,P001,role,codes,general,general,Photo portrait of a person that codes,49,4900004,4900004,8,4,74,100,10,P001_w512_h512_seed49_img04_effseed4900004,multiple_runs,P001_w512_h512_seed49_img04_effseed4900004,stable-diffusion-v1-5,runwayml/stable-diffusion-v1-5,none,,cuda,cuda,NVIDIA GeForce RTX 4060 Laptop GPU,25,7.5,512,512,512x512,outputs/images/20260721_001619/P001_w512_h512_seed49_img04_effseed4900004.png,7.7054,generated,
20260721_001619,2026-07-21T00:29:12,P001,role,codes,general,general,Photo portrait of a person that codes,49,4900005,4900005,8,5,75,100,10,P001_w512_h512_seed49_img05_effseed4900005,multiple_runs,P001_w512_h512_seed49_img05_effseed4900005,stable-diffusion-v1-5,runwayml/stable-diffusion-v1-5,none,,cuda,cuda,NVIDIA GeForce RTX 4060 Laptop GPU,25,7.5,512,512,512x512,outputs/images/20260721_001619/P001_w512_h512_seed49_img05_effseed4900005.png,7.9638,generated,
20260721_001619,2026-07-21T00:29:20,P001,role,codes,general,general,Photo portrait of a person that codes,49,4900006,4900006,8,6,76,100,10,P001_w512_h512_seed49_img06_effseed4900006,multiple_runs,P001_w512_h512_seed49_img06_effseed4900006,stable-diffusion-v1-5,runwayml/stable-diffusion-v1-5,none,,cuda,cuda,NVIDIA GeForce RTX 4060 Laptop GPU,25,7.5,512,512,512x512,outputs/images/20260721_001619/P001_w512_h512_seed49_img06_effseed4900006.png,8.3135,generated,
20260721_001619,2026-07-21T00:29:29,P001,role,codes,general,general,Photo portrait of a person that codes,49,4900007,4900007,8,7,77,100,10,P001_w512_h512_seed49_img07_effseed4900007,multiple_runs,P001_w512_h512_seed49_img07_effseed4900007,stable-diffusion-v1-5,runwayml/stable-diffusion-v1-5,none,,cuda,cuda,NVIDIA GeForce RTX 4060 Laptop GPU,25,7.5,512,512,512x512,outputs/images/20260721_001619/P001_w512_h512_seed49_img07_effseed4900007.png,8.0075,generated,
20260721_001619,2026-07-21T00:29:37,P001,role,codes,general,general,Photo portrait of a person that codes,49,4900008,4900008,8,8,78,100,10,P001_w512_h512_seed49_img08_effseed4900008,multiple_runs,P001_w512_h512_seed49_img08_effseed4900008,stable-diffusion-v1-5,runwayml/stable-diffusion-v1-5,none,,cuda,cuda,NVIDIA GeForce RTX 4060 Laptop GPU,25,7.5,512,512,512x512,outputs/images/20260721_001619/P001_w512_h512_seed49_img08_effseed4900008.png,7.9664,generated,
20260721_001619,2026-07-21T00:29:46,P001,role,codes,general,general,Photo portrait of a person that codes,49,4900009,4900009,8,9,79,100,10,P001_w512_h512_seed49_img09_effseed4900009,multiple_runs,P001_w512_h512_seed49_img09_effseed4900009,stable-diffusion-v1-5,runwayml/stable-diffusion-v1-5,none,,cuda,cuda,NVIDIA GeForce RTX 4060 Laptop GPU,25,7.5,512,512,512x512,outputs/images/20260721_001619/P001_w512_h512_seed49_img09_effseed4900009.png,7.7411,generated,
20260721_001619,2026-07-21T00:29:54,P001,role,codes,general,general,Photo portrait of a person that codes,49,4900010,4900010,8,10,80,100,10,P001_w512_h512_seed49_img10_effseed4900010,multiple_runs,P001_w512_h512_seed49_img10_effseed4900010,stable-diffusion-v1-5,runwayml/stable-diffusion-v1-5,none,,cuda,cuda,NVIDIA GeForce RTX 4060 Laptop GPU,25,7.5,512,512,512x512,outputs/images/20260721_001619/P001_w512_h512_seed49_img10_effseed4900010.png,7.9611,generated,
20260721_001619,2026-07-21T00:30:03,P001,role,codes,general,general,Photo portrait of a person that codes,50,5000001,5000001,9,1,81,100,10,P001_w512_h512_seed50_img01_effseed5000001,multiple_runs,P001_w512_h512_seed50_img01_effseed5000001,stable-diffusion-v1-5,runwayml/stable-diffusion-v1-5,none,,cuda,cuda,NVIDIA GeForce RTX 4060 Laptop GPU,25,7.5,512,512,512x512,outputs/images/20260721_001619/P001_w512_h512_seed50_img01_effseed5000001.png,7.9733,generated,
20260721_001619,2026-07-21T00:30:11,P001,role,codes,general,general,Photo portrait of a person that codes,50,5000002,5000002,9,2,82,100,10,P001_w512_h512_seed50_img02_effseed5000002,multiple_runs,P001_w512_h512_seed50_img02_effseed5000002,stable-diffusion-v1-5,runwayml/stable-diffusion-v1-5,none,,cuda,cuda,NVIDIA GeForce RTX 4060 Laptop GPU,25,7.5,512,512,512x512,outputs/images/20260721_001619/P001_w512_h512_seed50_img02_effseed5000002.png,8.0601,generated,
20260721_001619,2026-07-21T00:30:20,P001,role,codes,general,general,Photo portrait of a person that codes,50,5000003,5000003,9,3,83,100,10,P001_w512_h512_seed50_img03_effseed5000003,multiple_runs,P001_w512_h512_seed50_img03_effseed5000003,stable-diffusion-v1-5,runwayml/stable-diffusion-v1-5,none,,cuda,cuda,NVIDIA GeForce RTX 4060 Laptop GPU,25,7.5,512,512,512x512,outputs/images/20260721_001619/P001_w512_h512_seed50_img03_effseed5000003.png,7.9829,generated,
20260721_001619,2026-07-21T00:30:28,P001,role,codes,general,general,Photo portrait of a person that codes,50,5000004,5000004,9,4,84,100,10,P001_w512_h512_seed50_img04_effseed5000004,multiple_runs,P001_w512_h512_seed50_img04_effseed5000004,stable-diffusion-v1-5,runwayml/stable-diffusion-v1-5,none,,cuda,cuda,NVIDIA GeForce RTX 4060 Laptop GPU,25,7.5,512,512,512x512,outputs/images/20260721_001619/P001_w512_h512_seed50_img04_effseed5000004.png,7.9659,generated,
20260721_001619,2026-07-21T00:30:37,P001,role,codes,general,general,Photo portrait of a person that codes,50,5000005,5000005,9,5,85,100,10,P001_w512_h512_seed50_img05_effseed5000005,multiple_runs,P001_w512_h512_seed50_img05_effseed5000005,stable-diffusion-v1-5,runwayml/stable-diffusion-v1-5,none,,cuda,cuda,NVIDIA GeForce RTX 4060 Laptop GPU,25,7.5,512,512,512x512,outputs/images/20260721_001619/P001_w512_h512_seed50_img05_effseed5000005.png,8.2739,generated,
20260721_001619,2026-07-21T00:30:46,P001,role,codes,general,general,Photo portrait of a person that codes,50,5000006,5000006,9,6,86,100,10,P001_w512_h512_seed50_img06_effseed5000006,multiple_runs,P001_w512_h512_seed50_img06_effseed5000006,stable-diffusion-v1-5,runwayml/stable-diffusion-v1-5,none,,cuda,cuda,NVIDIA GeForce RTX 4060 Laptop GPU,25,7.5,512,512,512x512,outputs/images/20260721_001619/P001_w512_h512_seed50_img06_effseed5000006.png,8.1401,generated,
20260721_001619,2026-07-21T00:30:55,P001,role,codes,general,general,Photo portrait of a person that codes,50,5000007,5000007,9,7,87,100,10,P001_w512_h512_seed50_img07_effseed5000007,multiple_runs,P001_w512_h512_seed50_img07_effseed5000007,stable-diffusion-v1-5,runwayml/stable-diffusion-v1-5,none,,cuda,cuda,NVIDIA GeForce RTX 4060 Laptop GPU,25,7.5,512,512,512x512,outputs/images/20260721_001619/P001_w512_h512_seed50_img07_effseed5000007.png,7.9322,generated,
20260721_001619,2026-07-21T00:31:03,P001,role,codes,general,general,Photo portrait of a person that codes,50,5000008,5000008,9,8,88,100,10,P001_w512_h512_seed50_img08_effseed5000008,multiple_runs,P001_w512_h512_seed50_img08_effseed5000008,stable-diffusion-v1-5,runwayml/stable-diffusion-v1-5,none,,cuda,cuda,NVIDIA GeForce RTX 4060 Laptop GPU,25,7.5,512,512,512x512,outputs/images/20260721_001619/P001_w512_h512_seed50_img08_effseed5000008.png,8.3697,generated,
20260721_001619,2026-07-21T00:31:12,P001,role,codes,general,general,Photo portrait of a person that codes,50,5000009,5000009,9,9,89,100,10,P001_w512_h512_seed50_img09_effseed5000009,multiple_runs,P001_w512_h512_seed50_img09_effseed5000009,stable-diffusion-v1-5,runwayml/stable-diffusion-v1-5,none,,cuda,cuda,NVIDIA GeForce RTX 4060 Laptop GPU,25,7.5,512,512,512x512,outputs/images/20260721_001619/P001_w512_h512_seed50_img09_effseed5000009.png,8.4329,generated,
20260721_001619,2026-07-21T00:31:21,P001,role,codes,general,general,Photo portrait of a person that codes,50,5000010,5000010,9,10,90,100,10,P001_w512_h512_seed50_img10_effseed5000010,multiple_runs,P001_w512_h512_seed50_img10_effseed5000010,stable-diffusion-v1-5,runwayml/stable-diffusion-v1-5,none,,cuda,cuda,NVIDIA GeForce RTX 4060 Laptop GPU,25,7.5,512,512,512x512,outputs/images/20260721_001619/P001_w512_h512_seed50_img10_effseed5000010.png,8.1949,generated,
20260721_001619,2026-07-21T00:31:30,P001,role,codes,general,general,Photo portrait of a person that codes,51,5100001,5100001,10,1,91,100,10,P001_w512_h512_seed51_img01_effseed5100001,multiple_runs,P001_w512_h512_seed51_img01_effseed5100001,stable-diffusion-v1-5,runwayml/stable-diffusion-v1-5,none,,cuda,cuda,NVIDIA GeForce RTX 4060 Laptop GPU,25,7.5,512,512,512x512,outputs/images/20260721_001619/P001_w512_h512_seed51_img01_effseed5100001.png,7.9164,generated,
20260721_001619,2026-07-21T00:31:38,P001,role,codes,general,general,Photo portrait of a person that codes,51,5100002,5100002,10,2,92,100,10,P001_w512_h512_seed51_img02_effseed5100002,multiple_runs,P001_w512_h512_seed51_img02_effseed5100002,stable-diffusion-v1-5,runwayml/stable-diffusion-v1-5,none,,cuda,cuda,NVIDIA GeForce RTX 4060 Laptop GPU,25,7.5,512,512,512x512,outputs/images/20260721_001619/P001_w512_h512_seed51_img02_effseed5100002.png,7.9936,generated,
20260721_001619,2026-07-21T00:31:47,P001,role,codes,general,general,Photo portrait of a person that codes,51,5100003,5100003,10,3,93,100,10,P001_w512_h512_seed51_img03_effseed5100003,multiple_runs,P001_w512_h512_seed51_img03_effseed5100003,stable-diffusion-v1-5,runwayml/stable-diffusion-v1-5,none,,cuda,cuda,NVIDIA GeForce RTX 4060 Laptop GPU,25,7.5,512,512,512x512,outputs/images/20260721_001619/P001_w512_h512_seed51_img03_effseed5100003.png,8.6012,generated,
20260721_001619,2026-07-21T00:31:56,P001,role,codes,general,general,Photo portrait of a person that codes,51,5100004,5100004,10,4,94,100,10,P001_w512_h512_seed51_img04_effseed5100004,multiple_runs,P001_w512_h512_seed51_img04_effseed5100004,stable-diffusion-v1-5,runwayml/stable-diffusion-v1-5,none,,cuda,cuda,NVIDIA GeForce RTX 4060 Laptop GPU,25,7.5,512,512,512x512,outputs/images/20260721_001619/P001_w512_h512_seed51_img04_effseed5100004.png,8.0051,generated,
20260721_001619,2026-07-21T00:32:05,P001,role,codes,general,general,Photo portrait of a person that codes,51,5100005,5100005,10,5,95,100,10,P001_w512_h512_seed51_img05_effseed5100005,multiple_runs,P001_w512_h512_seed51_img05_effseed5100005,stable-diffusion-v1-5,runwayml/stable-diffusion-v1-5,none,,cuda,cuda,NVIDIA GeForce RTX 4060 Laptop GPU,25,7.5,512,512,512x512,outputs/images/20260721_001619/P001_w512_h512_seed51_img05_effseed5100005.png,8.1112,generated,
20260721_001619,2026-07-21T00:32:13,P001,role,codes,general,general,Photo portrait of a person that codes,51,5100006,5100006,10,6,96,100,10,P001_w512_h512_seed51_img06_effseed5100006,multiple_runs,P001_w512_h512_seed51_img06_effseed5100006,stable-diffusion-v1-5,runwayml/stable-diffusion-v1-5,none,,cuda,cuda,NVIDIA GeForce RTX 4060 Laptop GPU,25,7.5,512,512,512x512,outputs/images/20260721_001619/P001_w512_h512_seed51_img06_effseed5100006.png,7.8523,generated,
20260721_001619,2026-07-21T00:32:21,P001,role,codes,general,general,Photo portrait of a person that codes,51,5100007,5100007,10,7,97,100,10,P001_w512_h512_seed51_img07_effseed5100007,multiple_runs,P001_w512_h512_seed51_img07_effseed5100007,stable-diffusion-v1-5,runwayml/stable-diffusion-v1-5,none,,cuda,cuda,NVIDIA GeForce RTX 4060 Laptop GPU,25,7.5,512,512,512x512,outputs/images/20260721_001619/P001_w512_h512_seed51_img07_effseed5100007.png,8.0483,generated,
20260721_001619,2026-07-21T00:32:30,P001,role,codes,general,general,Photo portrait of a person that codes,51,5100008,5100008,10,8,98,100,10,P001_w512_h512_seed51_img08_effseed5100008,multiple_runs,P001_w512_h512_seed51_img08_effseed5100008,stable-diffusion-v1-5,runwayml/stable-diffusion-v1-5,none,,cuda,cuda,NVIDIA GeForce RTX 4060 Laptop GPU,25,7.5,512,512,512x512,outputs/images/20260721_001619/P001_w512_h512_seed51_img08_effseed5100008.png,8.343,generated,
20260721_001619,2026-07-21T00:32:39,P001,role,codes,general,general,Photo portrait of a person that codes,51,5100009,5100009,10,9,99,100,10,P001_w512_h512_seed51_img09_effseed5100009,multiple_runs,P001_w512_h512_seed51_img09_effseed5100009,stable-diffusion-v1-5,runwayml/stable-diffusion-v1-5,none,,cuda,cuda,NVIDIA GeForce RTX 4060 Laptop GPU,25,7.5,512,512,512x512,outputs/images/20260721_001619/P001_w512_h512_seed51_img09_effseed5100009.png,8.2951,generated,
20260721_001619,2026-07-21T00:32:48,P001,role,codes,general,general,Photo portrait of a person that codes,51,5100010,5100010,10,10,100,100,10,P001_w512_h512_seed51_img10_effseed5100010,multiple_runs,P001_w512_h512_seed51_img10_effseed5100010,stable-diffusion-v1-5,runwayml/stable-diffusion-v1-5,none,,cuda,cuda,NVIDIA GeForce RTX 4060 Laptop GPU,25,7.5,512,512,512x512,outputs/images/20260721_001619/P001_w512_h512_seed51_img10_effseed5100010.png,8.065,generated,
20260721_001619,2026-07-21T00:32:56,P002,role,codes,se,se,Photo portrait of a Software Engineer that codes,42,4200001,4200001,1,1,1,100,10,P002_w512_h512_seed42_img01_effseed4200001,multiple_runs,P002_w512_h512_seed42_img01_effseed4200001,stable-diffusion-v1-5,runwayml/stable-diffusion-v1-5,none,,cuda,cuda,NVIDIA GeForce RTX 4060 Laptop GPU,25,7.5,512,512,512x512,outputs/images/20260721_001619/P002_w512_h512_seed42_img01_effseed4200001.png,7.9149,generated,
20260721_001619,2026-07-21T00:33:05,P002,role,codes,se,se,Photo portrait of a Software Engineer that codes,42,4200002,4200002,1,2,2,100,10,P002_w512_h512_seed42_img02_effseed4200002,multiple_runs,P002_w512_h512_seed42_img02_effseed4200002,stable-diffusion-v1-5,runwayml/stable-diffusion-v1-5,none,,cuda,cuda,NVIDIA GeForce RTX 4060 Laptop GPU,25,7.5,512,512,512x512,outputs/images/20260721_001619/P002_w512_h512_seed42_img02_effseed4200002.png,7.9716,generated,
20260721_001619,2026-07-21T00:33:13,P002,role,codes,se,se,Photo portrait of a Software Engineer that codes,42,4200003,4200003,1,3,3,100,10,P002_w512_h512_seed42_img03_effseed4200003,multiple_runs,P002_w512_h512_seed42_img03_effseed4200003,stable-diffusion-v1-5,runwayml/stable-diffusion-v1-5,none,,cuda,cuda,NVIDIA GeForce RTX 4060 Laptop GPU,25,7.5,512,512,512x512,outputs/images/20260721_001619/P002_w512_h512_seed42_img03_effseed4200003.png,7.9484,generated,
20260721_001619,2026-07-21T00:33:22,P002,role,codes,se,se,Photo portrait of a Software Engineer that codes,42,4200004,4200004,1,4,4,100,10,P002_w512_h512_seed42_img04_effseed4200004,multiple_runs,P002_w512_h512_seed42_img04_effseed4200004,stable-diffusion-v1-5,runwayml/stable-diffusion-v1-5,none,,cuda,cuda,NVIDIA GeForce RTX 4060 Laptop GPU,25,7.5,512,512,512x512,outputs/images/20260721_001619/P002_w512_h512_seed42_img04_effseed4200004.png,8.1335,generated,
20260721_001619,2026-07-21T00:33:30,P002,role,codes,se,se,Photo portrait of a Software Engineer that codes,42,4200005,4200005,1,5,5,100,10,P002_w512_h512_seed42_img05_effseed4200005,multiple_runs,P002_w512_h512_seed42_img05_effseed4200005,stable-diffusion-v1-5,runwayml/stable-diffusion-v1-5,none,,cuda,cuda,NVIDIA GeForce RTX 4060 Laptop GPU,25,7.5,512,512,512x512,outputs/images/20260721_001619/P002_w512_h512_seed42_img05_effseed4200005.png,8.5431,generated,
20260721_001619,2026-07-21T00:33:39,P002,role,codes,se,se,Photo portrait of a Software Engineer that codes,42,4200006,4200006,1,6,6,100,10,P002_w512_h512_seed42_img06_effseed4200006,multiple_runs,P002_w512_h512_seed42_img06_effseed4200006,stable-diffusion-v1-5,runwayml/stable-diffusion-v1-5,none,,cuda,cuda,NVIDIA GeForce RTX 4060 Laptop GPU,25,7.5,512,512,512x512,outputs/images/20260721_001619/P002_w512_h512_seed42_img06_effseed4200006.png,8.0346,generated,
20260721_001619,2026-07-21T00:33:47,P002,role,codes,se,se,Photo portrait of a Software Engineer that codes,42,4200007,4200007,1,7,7,100,10,P002_w512_h512_seed42_img07_effseed4200007,multiple_runs,P002_w512_h512_seed42_img07_effseed4200007,stable-diffusion-v1-5,runwayml/stable-diffusion-v1-5,none,,cuda,cuda,NVIDIA GeForce RTX 4060 Laptop GPU,25,7.5,512,512,512x512,outputs/images/20260721_001619/P002_w512_h512_seed42_img07_effseed4200007.png,7.9043,generated,
20260721_001619,2026-07-21T00:33:55,P002,role,codes,se,se,Photo portrait of a Software Engineer that codes,42,4200008,4200008,1,8,8,100,10,P002_w512_h512_seed42_img08_effseed4200008,multiple_runs,P002_w512_h512_seed42_img08_effseed4200008,stable-diffusion-v1-5,runwayml/stable-diffusion-v1-5,none,,cuda,cuda,NVIDIA GeForce RTX 4060 Laptop GPU,25,7.5,512,512,512x512,outputs/images/20260721_001619/P002_w512_h512_seed42_img08_effseed4200008.png,7.5202,generated,
20260721_001619,2026-07-21T00:34:03,P002,role,codes,se,se,Photo portrait of a Software Engineer that codes,42,4200009,4200009,1,9,9,100,10,P002_w512_h512_seed42_img09_effseed4200009,multiple_runs,P002_w512_h512_seed42_img09_effseed4200009,stable-diffusion-v1-5,runwayml/stable-diffusion-v1-5,none,,cuda,cuda,NVIDIA GeForce RTX 4060 Laptop GPU,25,7.5,512,512,512x512,outputs/images/20260721_001619/P002_w512_h512_seed42_img09_effseed4200009.png,7.7569,generated,
20260721_001619,2026-07-21T00:34:11,P002,role,codes,se,se,Photo portrait of a Software Engineer that codes,42,4200010,4200010,1,10,10,100,10,P002_w512_h512_seed42_img10_effseed4200010,multiple_runs,P002_w512_h512_seed42_img10_effseed4200010,stable-diffusion-v1-5,runwayml/stable-diffusion-v1-5,none,,cuda,cuda,NVIDIA GeForce RTX 4060 Laptop GPU,25,7.5,512,512,512x512,outputs/images/20260721_001619/P002_w512_h512_seed42_img10_effseed4200010.png,8.0355,generated,
20260721_001619,2026-07-21T00:34:20,P002,role,codes,se,se,Photo portrait of a Software Engineer that codes,43,4300001,4300001,2,1,11,100,10,P002_w512_h512_seed43_img01_effseed4300001,multiple_runs,P002_w512_h512_seed43_img01_effseed4300001,stable-diffusion-v1-5,runwayml/stable-diffusion-v1-5,none,,cuda,cuda,NVIDIA GeForce RTX 4060 Laptop GPU,25,7.5,512,512,512x512,outputs/images/20260721_001619/P002_w512_h512_seed43_img01_effseed4300001.png,8.5163,generated,
20260721_001619,2026-07-21T00:34:29,P002,role,codes,se,se,Photo portrait of a Software Engineer that codes,43,4300002,4300002,2,2,12,100,10,P002_w512_h512_seed43_img02_effseed4300002,multiple_runs,P002_w512_h512_seed43_img02_effseed4300002,stable-diffusion-v1-5,runwayml/stable-diffusion-v1-5,none,,cuda,cuda,NVIDIA GeForce RTX 4060 Laptop GPU,25,7.5,512,512,512x512,outputs/images/20260721_001619/P002_w512_h512_seed43_img02_effseed4300002.png,8.5988,generated,
20260721_001619,2026-07-21T00:34:37,P002,role,codes,se,se,Photo portrait of a Software Engineer that codes,43,4300003,4300003,2,3,13,100,10,P002_w512_h512_seed43_img03_effseed4300003,multiple_runs,P002_w512_h512_seed43_img03_effseed4300003,stable-diffusion-v1-5,runwayml/stable-diffusion-v1-5,none,,cuda,cuda,NVIDIA GeForce RTX 4060 Laptop GPU,25,7.5,512,512,512x512,outputs/images/20260721_001619/P002_w512_h512_seed43_img03_effseed4300003.png,8.8512,generated,
20260721_001619,2026-07-21T00:34:46,P002,role,codes,se,se,Photo portrait of a Software Engineer that codes,43,4300004,4300004,2,4,14,100,10,P002_w512_h512_seed43_img04_effseed4300004,multiple_runs,P002_w512_h512_seed43_img04_effseed4300004,stable-diffusion-v1-5,runwayml/stable-diffusion-v1-5,none,,cuda,cuda,NVIDIA GeForce RTX 4060 Laptop GPU,25,7.5,512,512,512x512,outputs/images/20260721_001619/P002_w512_h512_seed43_img04_effseed4300004.png,8.3557,generated,
20260721_001619,2026-07-21T00:34:54,P002,role,codes,se,se,Photo portrait of a Software Engineer that codes,43,4300005,4300005,2,5,15,100,10,P002_w512_h512_seed43_img05_effseed4300005,multiple_runs,P002_w512_h512_seed43_img05_effseed4300005,stable-diffusion-v1-5,runwayml/stable-diffusion-v1-5,none,,cuda,cuda,NVIDIA GeForce RTX 4060 Laptop GPU,25,7.5,512,512,512x512,outputs/images/20260721_001619/P002_w512_h512_seed43_img05_effseed4300005.png,8.5341,generated,
20260721_001619,2026-07-21T00:35:02,P002,role,codes,se,se,Photo portrait of a Software Engineer that codes,43,4300006,4300006,2,6,16,100,10,P002_w512_h512_seed43_img06_effseed4300006,multiple_runs,P002_w512_h512_seed43_img06_effseed4300006,stable-diffusion-v1-5,runwayml/stable-diffusion-v1-5,none,,cuda,cuda,NVIDIA GeForce RTX 4060 Laptop GPU,25,7.5,512,512,512x512,outputs/images/20260721_001619/P002_w512_h512_seed43_img06_effseed4300006.png,8.1379,generated,
20260721_001619,2026-07-21T00:35:11,P002,role,codes,se,se,Photo portrait of a Software Engineer that codes,43,4300007,4300007,2,7,17,100,10,P002_w512_h512_seed43_img07_effseed4300007,multiple_runs,P002_w512_h512_seed43_img07_effseed4300007,stable-diffusion-v1-5,runwayml/stable-diffusion-v1-5,none,,cuda,cuda,NVIDIA GeForce RTX 4060 Laptop GPU,25,7.5,512,512,512x512,outputs/images/20260721_001619/P002_w512_h512_seed43_img07_effseed4300007.png,8.0317,generated,
20260721_001619,2026-07-21T00:35:20,P002,role,codes,se,se,Photo portrait of a Software Engineer that codes,43,4300008,4300008,2,8,18,100,10,P002_w512_h512_seed43_img08_effseed4300008,multiple_runs,P002_w512_h512_seed43_img08_effseed4300008,stable-diffusion-v1-5,runwayml/stable-diffusion-v1-5,none,,cuda,cuda,NVIDIA GeForce RTX 4060 Laptop GPU,25,7.5,512,512,512x512,outputs/images/20260721_001619/P002_w512_h512_seed43_img08_effseed4300008.png,8.0335,generated,
20260721_001619,2026-07-21T00:35:28,P002,role,codes,se,se,Photo portrait of a Software Engineer that codes,43,4300009,4300009,2,9,19,100,10,P002_w512_h512_seed43_img09_effseed4300009,multiple_runs,P002_w512_h512_seed43_img09_effseed4300009,stable-diffusion-v1-5,runwayml/stable-diffusion-v1-5,none,,cuda,cuda,NVIDIA GeForce RTX 4060 Laptop GPU,25,7.5,512,512,512x512,outputs/images/20260721_001619/P002_w512_h512_seed43_img09_effseed4300009.png,7.9263,generated,
20260721_001619,2026-07-21T00:35:37,P002,role,codes,se,se,Photo portrait of a Software Engineer that codes,43,4300010,4300010,2,10,20,100,10,P002_w512_h512_seed43_img10_effseed4300010,multiple_runs,P002_w512_h512_seed43_img10_effseed4300010,stable-diffusion-v1-5,runwayml/stable-diffusion-v1-5,none,,cuda,cuda,NVIDIA GeForce RTX 4060 Laptop GPU,25,7.5,512,512,512x512,outputs/images/20260721_001619/P002_w512_h512_seed43_img10_effseed4300010.png,8.2989,generated,
20260721_001619,2026-07-21T00:35:45,P002,role,codes,se,se,Photo portrait of a Software Engineer that codes,44,4400001,4400001,3,1,21,100,10,P002_w512_h512_seed44_img01_effseed4400001,multiple_runs,P002_w512_h512_seed44_img01_effseed4400001,stable-diffusion-v1-5,runwayml/stable-diffusion-v1-5,none,,cuda,cuda,NVIDIA GeForce RTX 4060 Laptop GPU,25,7.5,512,512,512x512,outputs/images/20260721_001619/P002_w512_h512_seed44_img01_effseed4400001.png,8.6628,generated,
20260721_001619,2026-07-21T00:35:54,P002,role,codes,se,se,Photo portrait of a Software Engineer that codes,44,4400002,4400002,3,2,22,100,10,P002_w512_h512_seed44_img02_effseed4400002,multiple_runs,P002_w512_h512_seed44_img02_effseed4400002,stable-diffusion-v1-5,runwayml/stable-diffusion-v1-5,none,,cuda,cuda,NVIDIA GeForce RTX 4060 Laptop GPU,25,7.5,512,512,512x512,outputs/images/20260721_001619/P002_w512_h512_seed44_img02_effseed4400002.png,8.528,generated,
20260721_001619,2026-07-21T00:36:03,P002,role,codes,se,se,Photo portrait of a Software Engineer that codes,44,4400003,4400003,3,3,23,100,10,P002_w512_h512_seed44_img03_effseed4400003,multiple_runs,P002_w512_h512_seed44_img03_effseed4400003,stable-diffusion-v1-5,runwayml/stable-diffusion-v1-5,none,,cuda,cuda,NVIDIA GeForce RTX 4060 Laptop GPU,25,7.5,512,512,512x512,outputs/images/20260721_001619/P002_w512_h512_seed44_img03_effseed4400003.png,8.5717,generated,
20260721_001619,2026-07-21T00:36:11,P002,role,codes,se,se,Photo portrait of a Software Engineer that codes,44,4400004,4400004,3,4,24,100,10,P002_w512_h512_seed44_img04_effseed4400004,multiple_runs,P002_w512_h512_seed44_img04_effseed4400004,stable-diffusion-v1-5,runwayml/stable-diffusion-v1-5,none,,cuda,cuda,NVIDIA GeForce RTX 4060 Laptop GPU,25,7.5,512,512,512x512,outputs/images/20260721_001619/P002_w512_h512_seed44_img04_effseed4400004.png,8.6183,generated,
20260721_001619,2026-07-21T00:36:20,P002,role,codes,se,se,Photo portrait of a Software Engineer that codes,44,4400005,4400005,3,5,25,100,10,P002_w512_h512_seed44_img05_effseed4400005,multiple_runs,P002_w512_h512_seed44_img05_effseed4400005,stable-diffusion-v1-5,runwayml/stable-diffusion-v1-5,none,,cuda,cuda,NVIDIA GeForce RTX 4060 Laptop GPU,25,7.5,512,512,512x512,outputs/images/20260721_001619/P002_w512_h512_seed44_img05_effseed4400005.png,8.2399,generated,
20260721_001619,2026-07-21T00:36:28,P002,role,codes,se,se,Photo portrait of a Software Engineer that codes,44,4400006,4400006,3,6,26,100,10,P002_w512_h512_seed44_img06_effseed4400006,multiple_runs,P002_w512_h512_seed44_img06_effseed4400006,stable-diffusion-v1-5,runwayml/stable-diffusion-v1-5,none,,cuda,cuda,NVIDIA GeForce RTX 4060 Laptop GPU,25,7.5,512,512,512x512,outputs/images/20260721_001619/P002_w512_h512_seed44_img06_effseed4400006.png,7.9744,generated,
20260721_001619,2026-07-21T00:36:37,P002,role,codes,se,se,Photo portrait of a Software Engineer that codes,44,4400007,4400007,3,7,27,100,10,P002_w512_h512_seed44_img07_effseed4400007,multiple_runs,P002_w512_h512_seed44_img07_effseed4400007,stable-diffusion-v1-5,runwayml/stable-diffusion-v1-5,none,,cuda,cuda,NVIDIA GeForce RTX 4060 Laptop GPU,25,7.5,512,512,512x512,outputs/images/20260721_001619/P002_w512_h512_seed44_img07_effseed4400007.png,8.2804,generated,
20260721_001619,2026-07-21T00:36:46,P002,role,codes,se,se,Photo portrait of a Software Engineer that codes,44,4400008,4400008,3,8,28,100,10,P002_w512_h512_seed44_img08_effseed4400008,multiple_runs,P002_w512_h512_seed44_img08_effseed4400008,stable-diffusion-v1-5,runwayml/stable-diffusion-v1-5,none,,cuda,cuda,NVIDIA GeForce RTX 4060 Laptop GPU,25,7.5,512,512,512x512,outputs/images/20260721_001619/P002_w512_h512_seed44_img08_effseed4400008.png,7.915,generated,
20260721_001619,2026-07-21T00:36:54,P002,role,codes,se,se,Photo portrait of a Software Engineer that codes,44,4400009,4400009,3,9,29,100,10,P002_w512_h512_seed44_img09_effseed4400009,multiple_runs,P002_w512_h512_seed44_img09_effseed4400009,stable-diffusion-v1-5,runwayml/stable-diffusion-v1-5,none,,cuda,cuda,NVIDIA GeForce RTX 4060 Laptop GPU,25,7.5,512,512,512x512,outputs/images/20260721_001619/P002_w512_h512_seed44_img09_effseed4400009.png,8.1448,generated,
20260721_001619,2026-07-21T00:37:03,P002,role,codes,se,se,Photo portrait of a Software Engineer that codes,44,4400010,4400010,3,10,30,100,10,P002_w512_h512_seed44_img10_effseed4400010,multiple_runs,P002_w512_h512_seed44_img10_effseed4400010,stable-diffusion-v1-5,runwayml/stable-diffusion-v1-5,none,,cuda,cuda,NVIDIA GeForce RTX 4060 Laptop GPU,25,7.5,512,512,512x512,outputs/images/20260721_001619/P002_w512_h512_seed44_img10_effseed4400010.png,8.0486,generated,
20260721_001619,2026-07-21T00:37:11,P002,role,codes,se,se,Photo portrait of a Software Engineer that codes,45,4500001,4500001,4,1,31,100,10,P002_w512_h512_seed45_img01_effseed4500001,multiple_runs,P002_w512_h512_seed45_img01_effseed4500001,stable-diffusion-v1-5,runwayml/stable-diffusion-v1-5,none,,cuda,cuda,NVIDIA GeForce RTX 4060 Laptop GPU,25,7.5,512,512,512x512,outputs/images/20260721_001619/P002_w512_h512_seed45_img01_effseed4500001.png,7.9716,generated,
20260721_001619,2026-07-21T00:37:49,P002,role,codes,se,se,Photo portrait of a Software Engineer that codes,45,4500002,4500002,4,2,32,100,10,P002_w512_h512_seed45_img02_effseed4500002,multiple_runs,P002_w512_h512_seed45_img02_effseed4500002,stable-diffusion-v1-5,runwayml/stable-diffusion-v1-5,none,,cuda,cuda,NVIDIA GeForce RTX 4060 Laptop GPU,25,7.5,512,512,512x512,outputs/images/20260721_001619/P002_w512_h512_seed45_img02_effseed4500002.png,7.8411,generated,
20260721_001619,2026-07-21T00:37:28,P002,role,codes,se,se,Photo portrait of a Software Engineer that codes,45,4500003,4500003,4,3,33,100,10,P002_w512_h512_seed45_img03_effseed4500003,multiple_runs,P002_w512_h512_seed45_img03_effseed4500003,stable-diffusion-v1-5,runwayml/stable-diffusion-v1-5,none,,cuda,cuda,NVIDIA GeForce RTX 4060 Laptop GPU,25,7.5,512,512,512x512,outputs/images/20260721_001619/P002_w512_h512_seed45_img03_effseed4500003.png,8.065,generated,
20260721_001619,2026-07-21T00:37:37,P002,role,codes,se,se,Photo portrait of a Software Engineer that codes,45,4500004,4500004,4,4,34,100,10,P002_w512_h512_seed45_img04_effseed4500004,multiple_runs,P002_w512_h512_seed45_img04_effseed4500004,stable-diffusion-v1-5,runwayml/stable-diffusion-v1-5,none,,cuda,cuda,NVIDIA GeForce RTX 4060 Laptop GPU,25,7.5,512,512,512x512,outputs/images/20260721_001619/P002_w512_h512_seed45_img04_effseed4500004.png,8.2161,generated,
20260721_001619,2026-07-21T00:37:45,P002,role,codes,se,se,Photo portrait of a Software Engineer that codes,45,4500005,4500005,4,5,35,100,10,P002_w512_h512_seed45_img05_effseed4500005,multiple_runs,P002_w512_h512_seed45_img05_effseed4500005,stable-diffusion-v1-5,runwayml/stable-diffusion-v1-5,none,,cuda,cuda,NVIDIA GeForce RTX 4060 Laptop GPU,25,7.5,512,512,512x512,outputs/images/20260721_001619/P002_w512_h512_seed45_img05_effseed4500005.png,7.8615,generated,
20260721_001619,2026-07-21T00:37:54,P002,role,codes,se,se,Photo portrait of a Software Engineer that codes,45,4500006,4500006,4,6,36,100,10,P002_w512_h512_seed45_img06_effseed4500006,multiple_runs,P002_w512_h512_seed45_img06_effseed4500006,stable-diffusion-v1-5,runwayml/stable-diffusion-v1-5,none,,cuda,cuda,NVIDIA GeForce RTX 4060 Laptop GPU,25,7.5,512,512,512x512,outputs/images/20260721_001619/P002_w512_h512_seed45_img06_effseed4500006.png,7.9614,generated,
20260721_001619,2026-07-21T00:38:02,P002,role,codes,se,se,Photo portrait of a Software Engineer that codes,45,4500007,4500007,4,7,37,100,10,P002_w512_h512_seed45_img07_effseed4500007,multiple_runs,P002_w512_h512_seed45_img07_effseed4500007,stable-diffusion-v1-5,runwayml/stable-diffusion-v1-5,none,,cuda,cuda,NVIDIA GeForce RTX 4060 Laptop GPU,25,7.5,512,512,512x512,outputs/images/20260721_001619/P002_w512_h512_seed45_img07_effseed4500007.png,8.1565,generated,
20260721_001619,2026-07-21T00:38:11,P002,role,codes,se,se,Photo portrait of a Software Engineer that codes,45,4500008,4500008,4,8,38,100,10,P002_w512_h512_seed45_img08_effseed4500008,multiple_runs,P002_w512_h512_seed45_img08_effseed4500008,stable-diffusion-v1-5,runwayml/stable-diffusion-v1-5,none,,cuda,cuda,NVIDIA GeForce RTX 4060 Laptop GPU,25,7.5,512,512,512x512,outputs/images/20260721_001619/P002_w512_h512_seed45_img08_effseed4500008.png,8.0873,generated,
20260721_001619,2026-07-21T00:38:20,P002,role,codes,se,se,Photo portrait of a Software Engineer that codes,45,4500009,4500009,4,9,39,100,10,P002_w512_h512_seed45_img09_effseed4500009,multiple_runs,P002_w512_h512_seed45_img09_effseed4500009,stable-diffusion-v1-5,runwayml/stable-diffusion-v1-5,none,,cuda,cuda,NVIDIA GeForce RTX 4060 Laptop GPU,25,7.5,512,512,512x512,outputs/images/20260721_001619/P002_w512_h512_seed45_img09_effseed4500009.png,7.8109,generated,
20260721_001619,2026-07-21T00:38:28,P002,role,codes,se,se,Photo portrait of a Software Engineer that codes,45,4500010,4500010,4,10,40,100,10,P002_w512_h512_seed45_img10_effseed4500010,multiple_runs,P002_w512_h512_seed45_img10_effseed4500010,stable-diffusion-v1-5,runwayml/stable-diffusion-v1-5,none,,cuda,cuda,NVIDIA GeForce RTX 4060 Laptop GPU,25,7.5,512,512,512x512,outputs/images/20260721_001619/P002_w512_h512_seed45_img10_effseed4500010.png,8.0387,generated,
20260721_001619,2026-07-21T00:38:37,P002,role,codes,se,se,Photo portrait of a Software Engineer that codes,46,4600001,4600001,5,1,41,100,10,P002_w512_h512_seed46_img01_effseed4600001,multiple_runs,P002_w512_h512_seed46_img01_effseed4600001,stable-diffusion-v1-5,runwayml/stable-diffusion-v1-5,none,,cuda,cuda,NVIDIA GeForce RTX 4060 Laptop GPU,25,7.5,512,512,512x512,outputs/images/20260721_001619/P002_w512_h512_seed46_img01_effseed4600001.png,8.1355,generated,
20260721_001619,2026-07-21T00:38:45,P002,role,codes,se,se,Photo portrait of a Software Engineer that codes,46,4600002,4600002,5,2,42,100,10,P002_w512_h512_seed46_img02_effseed4600002,multiple_runs,P002_w512_h512_seed46_img02_effseed4600002,stable-diffusion-v1-5,runwayml/stable-diffusion-v1-5,none,,cuda,cuda,NVIDIA GeForce RTX 4060 Laptop GPU,25,7.5,512,512,512x512,outputs/images/20260721_001619/P002_w512_h512_seed46_img02_effseed4600002.png,8.0451,generated,
20260721_001619,2026-07-21T00:38:54,P002,role,codes,se,se,Photo portrait of a Software Engineer that codes,46,4600003,4600003,5,3,43,100,10,P002_w512_h512_seed46_img03_effseed4600003,multiple_runs,P002_w512_h512_seed46_img03_effseed4600003,stable-diffusion-v1-5,runwayml/stable-diffusion-v1-5,none,,cuda,cuda,NVIDIA GeForce RTX 4060 Laptop GPU,25,7.5,512,512,512x512,outputs/images/20260721_001619/P002_w512_h512_seed46_img03_effseed4600003.png,8.0364,generated,
20260721_001619,2026-07-21T00:39:02,P002,role,codes,se,se,Photo portrait of a Software Engineer that codes,46,4600004,4600004,5,4,44,100,10,P002_w512_h512_seed46_img04_effseed4600004,multiple_runs,P002_w512_h512_seed46_img04_effseed4600004,stable-diffusion-v1-5,runwayml/stable-diffusion-v1-5,none,,cuda,cuda,NVIDIA GeForce RTX 4060 Laptop GPU,25,7.5,512,512,512x512,outputs/images/20260721_001619/P002_w512_h512_seed46_img04_effseed4600004.png,7.9424,generated,
20260721_001619,2026-07-21T00:39:11,P002,role,codes,se,se,Photo portrait of a Software Engineer that codes,46,4600005,4600005,5,5,45,100,10,P002_w512_h512_seed46_img05_effseed4600005,multiple_runs,P002_w512_h512_seed46_img05_effseed4600005,stable-diffusion-v1-5,runwayml/stable-diffusion-v1-5,none,,cuda,cuda,NVIDIA GeForce RTX 4060 Laptop GPU,25,7.5,512,512,512x512,outputs/images/20260721_001619/P002_w512_h512_seed46_img05_effseed4600005.png,8.2403,generated,
20260721_001619,2026-07-21T00:39:19,P002,role,codes,se,se,Photo portrait of a Software Engineer that codes,46,4600006,4600006,5,6,46,100,10,P002_w512_h512_seed46_img06_effseed4600006,multiple_runs,P002_w512_h512_seed46_img06_effseed4600006,stable-diffusion-v1-5,runwayml/stable-diffusion-v1-5,none,,cuda,cuda,NVIDIA GeForce RTX 4060 Laptop GPU,25,7.5,512,512,512x512,outputs/images/20260721_001619/P002_w512_h512_seed46_img06_effseed4600006.png,8.148,generated,
20260721_001619,2026-07-21T00:39:28,P002,role,codes,se,se,Photo portrait of a Software Engineer that codes,46,4600007,4600007,5,7,47,100,10,P002_w512_h512_seed46_img07_effseed4600007,multiple_runs,P002_w512_h512_seed46_img07_effseed4600007,stable-diffusion-v1-5,runwayml/stable-diffusion-v1-5,none,,cuda,cuda,NVIDIA GeForce RTX 4060 Laptop GPU,25,7.5,512,512,512x512,outputs/images/20260721_001619/P002_w512_h512_seed46_img07_effseed4600007.png,7.9517,generated,
20260721_001619,2026-07-21T00:39:36,P002,role,codes,se,se,Photo portrait of a Software Engineer that codes,46,4600008,4600008,5,8,48,100,10,P002_w512_h512_seed46_img08_effseed4600008,multiple_runs,P002_w512_h512_seed46_img08_effseed4600008,stable-diffusion-v1-5,runwayml/stable-diffusion-v1-5,none,,cuda,cuda,NVIDIA GeForce RTX 4060 Laptop GPU,25,7.5,512,512,512x512,outputs/images/20260721_001619/P002_w512_h512_seed46_img08_effseed4600008.png,8.1248,generated,
20260721_001619,2026-07-21T00:39:45,P002,role,codes,se,se,Photo portrait of a Software Engineer that codes,46,4600009,4600009,5,9,49,100,10,P002_w512_h512_seed46_img09_effseed4600009,multiple_runs,P002_w512_h512_seed46_img09_effseed4600009,stable-diffusion-v1-5,runwayml/stable-diffusion-v1-5,none,,cuda,cuda,NVIDIA GeForce RTX 4060 Laptop GPU,25,7.5,512,512,512x512,outputs/images/20260721_001619/P002_w512_h512_seed46_img09_effseed4600009.png,8.2671,generated,
20260721_001619,2026-07-21T00:39:54,P002,role,codes,se,se,Photo portrait of a Software Engineer that codes,46,4600010,4600010,5,10,50,100,10,P002_w512_h512_seed46_img10_effseed4600010,multiple_runs,P002_w512_h512_seed46_img10_effseed4600010,stable-diffusion-v1-5,runwayml/stable-diffusion-v1-5,none,,cuda,cuda,NVIDIA GeForce RTX 4060 Laptop GPU,25,7.5,512,512,512x512,outputs/images/20260721_001619/P002_w512_h512_seed46_img10_effseed4600010.png,7.9271,generated,
20260721_001619,2026-07-21T00:40:02,P002,role,codes,se,se,Photo portrait of a Software Engineer that codes,47,4700001,4700001,6,1,51,100,10,P002_w512_h512_seed47_img01_effseed4700001,multiple_runs,P002_w512_h512_seed47_img01_effseed4700001,stable-diffusion-v1-5,runwayml/stable-diffusion-v1-5,none,,cuda,cuda,NVIDIA GeForce RTX 4060 Laptop GPU,25,7.5,512,512,512x512,outputs/images/20260721_001619/P002_w512_h512_seed47_img01_effseed4700001.png,8.178,generated,
20260721_001619,2026-07-21T00:40:11,P002,role,codes,se,se,Photo portrait of a Software Engineer that codes,47,4700002,4700002,6,2,52,100,10,P002_w512_h512_seed47_img02_effseed4700002,multiple_runs,P002_w512_h512_seed47_img02_effseed4700002,stable-diffusion-v1-5,runwayml/stable-diffusion-v1-5,none,,cuda,cuda,NVIDIA GeForce RTX 4060 Laptop GPU,25,7.5,512,512,512x512,outputs/images/20260721_001619/P002_w512_h512_seed47_img02_effseed4700002.png,7.9648,generated,
20260721_001619,2026-07-21T00:40:19,P002,role,codes,se,se,Photo portrait of a Software Engineer that codes,47,4700003,4700003,6,3,53,100,10,P002_w512_h512_seed47_img03_effseed4700003,multiple_runs,P002_w512_h512_seed47_img03_effseed4700003,stable-diffusion-v1-5,runwayml/stable-diffusion-v1-5,none,,cuda,cuda,NVIDIA GeForce RTX 4060 Laptop GPU,25,7.5,512,512,512x512,outputs/images/20260721_001619/P002_w512_h512_seed47_img03_effseed4700003.png,8.3406,generated,
20260721_001619,2026-07-21T00:40:29,P002,role,codes,se,se,Photo portrait of a Software Engineer that codes,47,4700004,4700004,6,4,54,100,10,P002_w512_h512_seed47_img04_effseed4700004,multiple_runs,P002_w512_h512_seed47_img04_effseed4700004,stable-diffusion-v1-5,runwayml/stable-diffusion-v1-5,none,,cuda,cuda,NVIDIA GeForce RTX 4060 Laptop GPU,25,7.5,512,512,512x512,outputs/images/20260721_001619/P002_w512_h512_seed47_img04_effseed4700004.png,8.0598,generated,
20260721_001619,2026-07-21T00:40:37,P002,role,codes,se,se,Photo portrait of a Software Engineer that codes,47,4700005,4700005,6,5,55,100,10,P002_w512_h512_seed47_img05_effseed4700005,multiple_runs,P002_w512_h512_seed47_img05_effseed4700005,stable-diffusion-v1-5,runwayml/stable-diffusion-v1-5,none,,cuda,cuda,NVIDIA GeForce RTX 4060 Laptop GPU,25,7.5,512,512,512x512,outputs/images/20260721_001619/P002_w512_h512_seed47_img05_effseed4700005.png,8.3371,generated,
20260721_001619,2026-07-21T00:40:46,P002,role,codes,se,se,Photo portrait of a Software Engineer that codes,47,4700006,4700006,6,6,56,100,10,P002_w512_h512_seed47_img06_effseed4700006,multiple_runs,P002_w512_h512_seed47_img06_effseed4700006,stable-diffusion-v1-5,runwayml/stable-diffusion-v1-5,none,,cuda,cuda,NVIDIA GeForce RTX 4060 Laptop GPU,25,7.5,512,512,512x512,outputs/images/20260721_001619/P002_w512_h512_seed47_img06_effseed4700006.png,7.7998,generated,
20260721_001619,2026-07-21T00:40:55,P002,role,codes,se,se,Photo portrait of a Software Engineer that codes,47,4700007,4700007,6,7,57,100,10,P002_w512_h512_seed47_img07_effseed4700007,multiple_runs,P002_w512_h512_seed47_img07_effseed4700007,stable-diffusion-v1-5,runwayml/stable-diffusion-v1-5,none,,cuda,cuda,NVIDIA GeForce RTX 4060 Laptop GPU,25,7.5,512,512,512x512,outputs/images/20260721_001619/P002_w512_h512_seed47_img07_effseed4700007.png,7.9866,generated,
20260721_001619,2026-07-21T00:41:03,P002,role,codes,se,se,Photo portrait of a Software Engineer that codes,47,4700008,4700008,6,8,58,100,10,P002_w512_h512_seed47_img08_effseed4700008,multiple_runs,P002_w512_h512_seed47_img08_effseed4700008,stable-diffusion-v1-5,runwayml/stable-diffusion-v1-5,none,,cuda,cuda,NVIDIA GeForce RTX 4060 Laptop GPU,25,7.5,512,512,512x512,outputs/images/20260721_001619/P002_w512_h512_seed47_img08_effseed4700008.png,7.7841,generated,
20260721_001619,2026-07-21T00:41:11,P002,role,codes,se,se,Photo portrait of a Software Engineer that codes,47,4700009,4700009,6,9,59,100,10,P002_w512_h512_seed47_img09_effseed4700009,multiple_runs,P002_w512_h512_seed47_img09_effseed4700009,stable-diffusion-v1-5,runwayml/stable-diffusion-v1-5,none,,cuda,cuda,NVIDIA GeForce RTX 4060 Laptop GPU,25,7.5,512,512,512x512,outputs/images/20260721_001619/P002_w512_h512_seed47_img09_effseed4700009.png,7.8797,generated,
20260721_001619,2026-07-21T00:41:20,P002,role,codes,se,se,Photo portrait of a Software Engineer that codes,47,4700010,4700010,6,10,60,100,10,P002_w512_h512_seed47_img10_effseed4700010,multiple_runs,P002_w512_h512_seed47_img10_effseed4700010,stable-diffusion-v1-5,runwayml/stable-diffusion-v1-5,none,,cuda,cuda,NVIDIA GeForce RTX 4060 Laptop GPU,25,7.5,512,512,512x512,outputs/images/20260721_001619/P002_w512_h512_seed47_img10_effseed4700010.png,7.6857,generated,
20260721_001619,2026-07-21T00:41:28,P002,role,codes,se,se,Photo portrait of a Software Engineer that codes,48,4800001,4800001,7,1,61,100,10,P002_w512_h512_seed48_img01_effseed4800001,multiple_runs,P002_w512_h512_seed48_img01_effseed4800001,stable-diffusion-v1-5,runwayml/stable-diffusion-v1-5,none,,cuda,cuda,NVIDIA GeForce RTX 4060 Laptop GPU,25,7.5,512,512,512x512,outputs/images/20260721_001619/P002_w512_h512_seed48_img01_effseed4800001.png,7.9103,generated,
20260721_001619,2026-07-21T00:41:36,P002,role,codes,se,se,Photo portrait of a Software Engineer that codes,48,4800002,4800002,7,2,62,100,10,P002_w512_h512_seed48_img02_effseed4800002,multiple_runs,P002_w512_h512_seed48_img02_effseed4800002,stable-diffusion-v1-5,runwayml/stable-diffusion-v1-5,none,,cuda,cuda,NVIDIA GeForce RTX 4060 Laptop GPU,25,7.5,512,512,512x512,outputs/images/20260721_001619/P002_w512_h512_seed48_img02_effseed4800002.png,7.774,generated,
20260721_001619,2026-07-21T00:41:44,P002,role,codes,se,se,Photo portrait of a Software Engineer that codes,48,4800003,4800003,7,3,63,100,10,P002_w512_h512_seed48_img03_effseed4800003,multiple_runs,P002_w512_h512_seed48_img03_effseed4800003,stable-diffusion-v1-5,runwayml/stable-diffusion-v1-5,none,,cuda,cuda,NVIDIA GeForce RTX 4060 Laptop GPU,25,7.5,512,512,512x512,outputs/images/20260721_001619/P002_w512_h512_seed48_img03_effseed4800003.png,7.8235,generated,
20260721_001619,2026-07-21T00:41:53,P002,role,codes,se,se,Photo portrait of a Software Engineer that codes,48,4800004,4800004,7,4,64,100,10,P002_w512_h512_seed48_img04_effseed4800004,multiple_runs,P002_w512_h512_seed48_img04_effseed4800004,stable-diffusion-v1-5,runwayml/stable-diffusion-v1-5,none,,cuda,cuda,NVIDIA GeForce RTX 4060 Laptop GPU,25,7.5,512,512,512x512,outputs/images/20260721_001619/P002_w512_h512_seed48_img04_effseed4800004.png,8.0964,generated,
20260721_001619,2026-07-21T00:42:01,P002,role,codes,se,se,Photo portrait of a Software Engineer that codes,48,4800005,4800005,7,5,65,100,10,P002_w512_h512_seed48_img05_effseed4800005,multiple_runs,P002_w512_h512_seed48_img05_effseed4800005,stable-diffusion-v1-5,runwayml/stable-diffusion-v1-5,none,,cuda,cuda,NVIDIA GeForce RTX 4060 Laptop GPU,25,7.5,512,512,512x512,outputs/images/20260721_001619/P002_w512_h512_seed48_img05_effseed4800005.png,7.9658,generated,
20260721_001619,2026-07-21T00:42:10,P002,role,codes,se,se,Photo portrait of a Software Engineer that codes,48,4800006,4800006,7,6,66,100,10,P002_w512_h512_seed48_img06_effseed4800006,multiple_runs,P002_w512_h512_seed48_img06_effseed4800006,stable-diffusion-v1-5,runwayml/stable-diffusion-v1-5,none,,cuda,cuda,NVIDIA GeForce RTX 4060 Laptop GPU,25,7.5,512,512,512x512,outputs/images/20260721_001619/P002_w512_h512_seed48_img06_effseed4800006.png,8.5576,generated,
20260721_001619,2026-07-21T00:42:18,P002,role,codes,se,se,Photo portrait of a Software Engineer that codes,48,4800007,4800007,7,7,67,100,10,P002_w512_h512_seed48_img07_effseed4800007,multiple_runs,P002_w512_h512_seed48_img07_effseed4800007,stable-diffusion-v1-5,runwayml/stable-diffusion-v1-5,none,,cuda,cuda,NVIDIA GeForce RTX 4060 Laptop GPU,25,7.5,512,512,512x512,outputs/images/20260721_001619/P002_w512_h512_seed48_img07_effseed4800007.png,8.5317,generated,
20260721_001619,2026-07-21T00:42:27,P002,role,codes,se,se,Photo portrait of a Software Engineer that codes,48,4800008,4800008,7,8,68,100,10,P002_w512_h512_seed48_img08_effseed4800008,multiple_runs,P002_w512_h512_seed48_img08_effseed4800008,stable-diffusion-v1-5,runwayml/stable-diffusion-v1-5,none,,cuda,cuda,NVIDIA GeForce RTX 4060 Laptop GPU,25,7.5,512,512,512x512,outputs/images/20260721_001619/P002_w512_h512_seed48_img08_effseed4800008.png,8.5913,generated,
20260721_001619,2026-07-21T00:42:35,P002,role,codes,se,se,Photo portrait of a Software Engineer that codes,48,4800009,4800009,7,9,69,100,10,P002_w512_h512_seed48_img09_effseed4800009,multiple_runs,P002_w512_h512_seed48_img09_effseed4800009,stable-diffusion-v1-5,runwayml/stable-diffusion-v1-5,none,,cuda,cuda,NVIDIA GeForce RTX 4060 Laptop GPU,25,7.5,512,512,512x512,outputs/images/20260721_001619/P002_w512_h512_seed48_img09_effseed4800009.png,8.7966,generated,
20260721_001619,2026-07-21T00:42:44,P002,role,codes,se,se,Photo portrait of a Software Engineer that codes,48,4800010,4800010,7,10,70,100,10,P002_w512_h512_seed48_img10_effseed4800010,multiple_runs,P002_w512_h512_seed48_img10_effseed4800010,stable-diffusion-v1-5,runwayml/stable-diffusion-v1-5,none,,cuda,cuda,NVIDIA GeForce RTX 4060 Laptop GPU,25,7.5,512,512,512x512,outputs/images/20260721_001619/P002_w512_h512_seed48_img10_effseed4800010.png,8.0462,generated,
20260721_001619,2026-07-21T00:42:52,P002,role,codes,se,se,Photo portrait of a Software Engineer that codes,49,4900001,4900001,8,1,71,100,10,P002_w512_h512_seed49_img01_effseed4900001,multiple_runs,P002_w512_h512_seed49_img01_effseed4900001,stable-diffusion-v1-5,runwayml/stable-diffusion-v1-5,none,,cuda,cuda,NVIDIA GeForce RTX 4060 Laptop GPU,25,7.5,512,512,512x512,outputs/images/20260721_001619/P002_w512_h512_seed49_img01_effseed4900001.png,7.9432,generated,
20260721_001619,2026-07-21T00:43:01,P002,role,codes,se,se,Photo portrait of a Software Engineer that codes,49,4900002,4900002,8,2,72,100,10,P002_w512_h512_seed49_img02_effseed4900002,multiple_runs,P002_w512_h512_seed49_img02_effseed4900002,stable-diffusion-v1-5,runwayml/stable-diffusion-v1-5,none,,cuda,cuda,NVIDIA GeForce RTX 4060 Laptop GPU,25,7.5,512,512,512x512,outputs/images/20260721_001619/P002_w512_h512_seed49_img02_effseed4900002.png,7.7226,generated,
20260721_001619,2026-07-21T00:43:09,P002,role,codes,se,se,Photo portrait of a Software Engineer that codes,49,4900003,4900003,8,3,73,100,10,P002_w512_h512_seed49_img03_effseed4900003,multiple_runs,P002_w512_h512_seed49_img03_effseed4900003,stable-diffusion-v1-5,runwayml/stable-diffusion-v1-5,none,,cuda,cuda,NVIDIA GeForce RTX 4060 Laptop GPU,25,7.5,512,512,512x512,outputs/images/20260721_001619/P002_w512_h512_seed49_img03_effseed4900003.png,8.1555,generated,
20260721_001619,2026-07-21T00:43:18,P002,role,codes,se,se,Photo portrait of a Software Engineer that codes,49,4900004,4900004,8,4,74,100,10,P002_w512_h512_seed49_img04_effseed4900004,multiple_runs,P002_w512_h512_seed49_img04_effseed4900004,stable-diffusion-v1-5,runwayml/stable-diffusion-v1-5,none,,cuda,cuda,NVIDIA GeForce RTX 4060 Laptop GPU,25,7.5,512,512,512x512,outputs/images/20260721_001619/P002_w512_h512_seed49_img04_effseed4900004.png,8.0493,generated,
20260721_001619,2026-07-21T00:43:27,P002,role,codes,se,se,Photo portrait of a Software Engineer that codes,49,4900005,4900005,8,5,75,100,10,P002_w512_h512_seed49_img05_effseed4900005,multiple_runs,P002_w512_h512_seed49_img05_effseed4900005,stable-diffusion-v1-5,runwayml/stable-diffusion-v1-5,none,,cuda,cuda,NVIDIA GeForce RTX 4060 Laptop GPU,25,7.5,512,512,512x512,outputs/images/20260721_001619/P002_w512_h512_seed49_img05_effseed4900005.png,7.9631,generated,
20260721_001619,2026-07-21T00:43:35,P002,role,codes,se,se,Photo portrait of a Software Engineer that codes,49,4900006,4900006,8,6,76,100,10,P002_w512_h512_seed49_img06_effseed4900006,multiple_runs,P002_w512_h512_seed49_img06_effseed4900006,stable-diffusion-v1-5,runwayml/stable-diffusion-v1-5,none,,cuda,cuda,NVIDIA GeForce RTX 4060 Laptop GPU,25,7.5,512,512,512x512,outputs/images/20260721_001619/P002_w512_h512_seed49_img06_effseed4900006.png,8.0833,generated,
20260721_001619,2026-07-21T00:43:44,P002,role,codes,se,se,Photo portrait of a Software Engineer that codes,49,4900007,4900007,8,7,77,100,10,P002_w512_h512_seed49_img07_effseed4900007,multiple_runs,P002_w512_h512_seed49_img07_effseed4900007,stable-diffusion-v1-5,runwayml/stable-diffusion-v1-5,none,,cuda,cuda,NVIDIA GeForce RTX 4060 Laptop GPU,25,7.5,512,512,512x512,outputs/images/20260721_001619/P002_w512_h512_seed49_img07_effseed4900007.png,8.0291,generated,
20260721_001619,2026-07-21T00:43:53,P002,role,codes,se,se,Photo portrait of a Software Engineer that codes,49,4900008,4900008,8,8,78,100,10,P002_w512_h512_seed49_img08_effseed4900008,multiple_runs,P002_w512_h512_seed49_img08_effseed4900008,stable-diffusion-v1-5,runwayml/stable-diffusion-v1-5,none,,cuda,cuda,NVIDIA GeForce RTX 4060 Laptop GPU,25,7.5,512,512,512x512,outputs/images/20260721_001619/P002_w512_h512_seed49_img08_effseed4900008.png,8.103,generated,
20260721_001619,2026-07-21T00:44:01,P002,role,codes,se,se,Photo portrait of a Software Engineer that codes,49,4900009,4900009,8,9,79,100,10,P002_w512_h512_seed49_img09_effseed4900009,multiple_runs,P002_w512_h512_seed49_img09_effseed4900009,stable-diffusion-v1-5,runwayml/stable-diffusion-v1-5,none,,cuda,cuda,NVIDIA GeForce RTX 4060 Laptop GPU,25,7.5,512,512,512x512,outputs/images/20260721_001619/P002_w512_h512_seed49_img09_effseed4900009.png,7.9038,generated,
20260721_001619,2026-07-21T00:44:10,P002,role,codes,se,se,Photo portrait of a Software Engineer that codes,49,4900010,4900010,8,10,80,100,10,P002_w512_h512_seed49_img10_effseed4900010,multiple_runs,P002_w512_h512_seed49_img10_effseed4900010,stable-diffusion-v1-5,runwayml/stable-diffusion-v1-5,none,,cuda,cuda,NVIDIA GeForce RTX 4060 Laptop GPU,25,7.5,512,512,512x512,outputs/images/20260721_001619/P002_w512_h512_seed49_img10_effseed4900010.png,8.0899,generated,
20260721_001619,2026-07-21T00:44:18,P002,role,codes,se,se,Photo portrait of a Software Engineer that codes,50,5000001,5000001,9,1,81,100,10,P002_w512_h512_seed50_img01_effseed5000001,multiple_runs,P002_w512_h512_seed50_img01_effseed5000001,stable-diffusion-v1-5,runwayml/stable-diffusion-v1-5,none,,cuda,cuda,NVIDIA GeForce RTX 4060 Laptop GPU,25,7.5,512,512,512x512,outputs/images/20260721_001619/P002_w512_h512_seed50_img01_effseed5000001.png,8.1932,generated,
20260721_001619,2026-07-21T00:44:27,P002,role,codes,se,se,Photo portrait of a Software Engineer that codes,50,5000002,5000002,9,2,82,100,10,P002_w512_h512_seed50_img02_effseed5000002,multiple_runs,P002_w512_h512_seed50_img02_effseed5000002,stable-diffusion-v1-5,runwayml/stable-diffusion-v1-5,none,,cuda,cuda,NVIDIA GeForce RTX 4060 Laptop GPU,25,7.5,512,512,512x512,outputs/images/20260721_001619/P002_w512_h512_seed50_img02_effseed5000002.png,8.1651,generated,
20260721_001619,2026-07-21T00:44:36,P002,role,codes,se,se,Photo portrait of a Software Engineer that codes,50,5000003,5000003,9,3,83,100,10,P002_w512_h512_seed50_img03_effseed5000003,multiple_runs,P002_w512_h512_seed50_img03_effseed5000003,stable-diffusion-v1-5,runwayml/stable-diffusion-v1-5,none,,cuda,cuda,NVIDIA GeForce RTX 4060 Laptop GPU,25,7.5,512,512,512x512,outputs/images/20260721_001619/P002_w512_h512_seed50_img03_effseed5000003.png,8.6417,generated,
20260721_001619,2026-07-21T00:44:45,P002,role,codes,se,se,Photo portrait of a Software Engineer that codes,50,5000004,5000004,9,4,84,100,10,P002_w512_h512_seed50_img04_effseed5000004,multiple_runs,P002_w512_h512_seed50_img04_effseed5000004,stable-diffusion-v1-5,runwayml/stable-diffusion-v1-5,none,,cuda,cuda,NVIDIA GeForce RTX 4060 Laptop GPU,25,7.5,512,512,512x512,outputs/images/20260721_001619/P002_w512_h512_seed50_img04_effseed5000004.png,8.8598,generated,
20260721_001619,2026-07-21T00:44:53,P002,role,codes,se,se,Photo portrait of a Software Engineer that codes,50,5000005,5000005,9,5,85,100,10,P002_w512_h512_seed50_img05_effseed5000005,multiple_runs,P002_w512_h512_seed50_img05_effseed5000005,stable-diffusion-v1-5,runwayml/stable-diffusion-v1-5,none,,cuda,cuda,NVIDIA GeForce RTX 4060 Laptop GPU,25,7.5,512,512,512x512,outputs/images/20260721_001619/P002_w512_h512_seed50_img05_effseed5000005.png,8.3709,generated,
20260721_001619,2026-07-21T00:45:02,P002,role,codes,se,se,Photo portrait of a Software Engineer that codes,50,5000006,5000006,9,6,86,100,10,P002_w512_h512_seed50_img06_effseed5000006,multiple_runs,P002_w512_h512_seed50_img06_effseed5000006,stable-diffusion-v1-5,runwayml/stable-diffusion-v1-5,none,,cuda,cuda,NVIDIA GeForce RTX 4060 Laptop GPU,25,7.5,512,512,512x512,outputs/images/20260721_001619/P002_w512_h512_seed50_img06_effseed5000006.png,8.3092,generated,
20260721_001619,2026-07-21T00:45:11,P002,role,codes,se,se,Photo portrait of a Software Engineer that codes,50,5000007,5000007,9,7,87,100,10,P002_w512_h512_seed50_img07_effseed5000007,multiple_runs,P002_w512_h512_seed50_img07_effseed5000007,stable-diffusion-v1-5,runwayml/stable-diffusion-v1-5,none,,cuda,cuda,NVIDIA GeForce RTX 4060 Laptop GPU,25,7.5,512,512,512x512,outputs/images/20260721_001619/P002_w512_h512_seed50_img07_effseed5000007.png,8.2905,generated,
20260721_001619,2026-07-21T00:45:20,P002,role,codes,se,se,Photo portrait of a Software Engineer that codes,50,5000008,5000008,9,8,88,100,10,P002_w512_h512_seed50_img08_effseed5000008,multiple_runs,P002_w512_h512_seed50_img08_effseed5000008,stable-diffusion-v1-5,runwayml/stable-diffusion-v1-5,none,,cuda,cuda,NVIDIA GeForce RTX 4060 Laptop GPU,25,7.5,512,512,512x512,outputs/images/20260721_001619/P002_w512_h512_seed50_img08_effseed5000008.png,8.1075,generated,
20260721_001619,2026-07-21T00:45:28,P002,role,codes,se,se,Photo portrait of a Software Engineer that codes,50,5000009,5000009,9,9,89,100,10,P002_w512_h512_seed50_img09_effseed5000009,multiple_runs,P002_w512_h512_seed50_img09_effseed5000009,stable-diffusion-v1-5,runwayml/stable-diffusion-v1-5,none,,cuda,cuda,NVIDIA GeForce RTX 4060 Laptop GPU,25,7.5,512,512,512x512,outputs/images/20260721_001619/P002_w512_h512_seed50_img09_effseed5000009.png,8.5772,generated,
20260721_001619,2026-07-21T00:45:37,P002,role,codes,se,se,Photo portrait of a Software Engineer that codes,50,5000010,5000010,9,10,90,100,10,P002_w512_h512_seed50_img10_effseed5000010,multiple_runs,P002_w512_h512_seed50_img10_effseed5000010,stable-diffusion-v1-5,runwayml/stable-diffusion-v1-5,none,,cuda,cuda,NVIDIA GeForce RTX 4060 Laptop GPU,25,7.5,512,512,512x512,outputs/images/20260721_001619/P002_w512_h512_seed50_img10_effseed5000010.png,8.1554,generated,
20260721_001619,2026-07-21T00:45:46,P002,role,codes,se,se,Photo portrait of a Software Engineer that codes,51,5100001,5100001,10,1,91,100,10,P002_w512_h512_seed51_img01_effseed5100001,multiple_runs,P002_w512_h512_seed51_img01_effseed5100001,stable-diffusion-v1-5,runwayml/stable-diffusion-v1-5,none,,cuda,cuda,NVIDIA GeForce RTX 4060 Laptop GPU,25,7.5,512,512,512x512,outputs/images/20260721_001619/P002_w512_h512_seed51_img01_effseed5100001.png,8.3011,generated,
20260721_001619,2026-07-21T00:45:55,P002,role,codes,se,se,Photo portrait of a Software Engineer that codes,51,5100002,5100002,10,2,92,100,10,P002_w512_h512_seed51_img02_effseed5100002,multiple_runs,P002_w512_h512_seed51_img02_effseed5100002,stable-diffusion-v1-5,runwayml/stable-diffusion-v1-5,none,,cuda,cuda,NVIDIA GeForce RTX 4060 Laptop GPU,25,7.5,512,512,512x512,outputs/images/20260721_001619/P002_w512_h512_seed51_img02_effseed5100002.png,8.2022,generated,
20260721_001619,2026-07-21T00:46:04,P002,role,codes,se,se,Photo portrait of a Software Engineer that codes,51,5100003,5100003,10,3,93,100,10,P002_w512_h512_seed51_img03_effseed5100003,multiple_runs,P002_w512_h512_seed51_img03_effseed5100003,stable-diffusion-v1-5,runwayml/stable-diffusion-v1-5,none,,cuda,cuda,NVIDIA GeForce RTX 4060 Laptop GPU,25,7.5,512,512,512x512,outputs/images/20260721_001619/P002_w512_h512_seed51_img03_effseed5100003.png,8.3143,generated,
20260721_001619,2026-07-21T00:46:13,P002,role,codes,se,se,Photo portrait of a Software Engineer that codes,51,5100004,5100004,10,4,94,100,10,P002_w512_h512_seed51_img04_effseed5100004,multiple_runs,P002_w512_h512_seed51_img04_effseed5100004,stable-diffusion-v1-5,runwayml/stable-diffusion-v1-5,none,,cuda,cuda,NVIDIA GeForce RTX 4060 Laptop GPU,25,7.5,512,512,512x512,outputs/images/20260721_001619/P002_w512_h512_seed51_img04_effseed5100004.png,8.1853,generated,
20260721_001619,2026-07-21T00:46:21,P002,role,codes,se,se,Photo portrait of a Software Engineer that codes,51,5100005,5100005,10,5,95,100,10,P002_w512_h512_seed51_img05_effseed5100005,multiple_runs,P002_w512_h512_seed51_img05_effseed5100005,stable-diffusion-v1-5,runwayml/stable-diffusion-v1-5,none,,cuda,cuda,NVIDIA GeForce RTX 4060 Laptop GPU,25,7.5,512,512,512x512,outputs/images/20260721_001619/P002_w512_h512_seed51_img05_effseed5100005.png,8.0167,generated,
20260721_001619,2026-07-21T00:46:30,P002,role,codes,se,se,Photo portrait of a Software Engineer that codes,51,5100006,5100006,10,6,96,100,10,P002_w512_h512_seed51_img06_effseed5100006,multiple_runs,P002_w512_h512_seed51_img06_effseed5100006,stable-diffusion-v1-5,runwayml/stable-diffusion-v1-5,none,,cuda,cuda,NVIDIA GeForce RTX 4060 Laptop GPU,25,7.5,512,512,512x512,outputs/images/20260721_001619/P002_w512_h512_seed51_img06_effseed5100006.png,8.1439,generated,
20260721_001619,2026-07-21T00:46:39,P002,role,codes,se,se,Photo portrait of a Software Engineer that codes,51,5100007,5100007,10,7,97,100,10,P002_w512_h512_seed51_img07_effseed5100007,multiple_runs,P002_w512_h512_seed51_img07_effseed5100007,stable-diffusion-v1-5,runwayml/stable-diffusion-v1-5,none,,cuda,cuda,NVIDIA GeForce RTX 4060 Laptop GPU,25,7.5,512,512,512x512,outputs/images/20260721_001619/P002_w512_h512_seed51_img07_effseed5100007.png,8.0704,generated,
20260721_001619,2026-07-21T00:46:47,P002,role,codes,se,se,Photo portrait of a Software Engineer that codes,51,5100008,5100008,10,8,98,100,10,P002_w512_h512_seed51_img08_effseed5100008,multiple_runs,P002_w512_h512_seed51_img08_effseed5100008,stable-diffusion-v1-5,runwayml/stable-diffusion-v1-5,none,,cuda,cuda,NVIDIA GeForce RTX 4060 Laptop GPU,25,7.5,512,512,512x512,outputs/images/20260721_001619/P002_w512_h512_seed51_img08_effseed5100008.png,8.0501,generated,
20260721_001619,2026-07-21T00:46:56,P002,role,codes,se,se,Photo portrait of a Software Engineer that codes,51,5100009,5100009,10,9,99,100,10,P002_w512_h512_seed51_img09_effseed5100009,multiple_runs,P002_w512_h512_seed51_img09_effseed5100009,stable-diffusion-v1-5,runwayml/stable-diffusion-v1-5,none,,cuda,cuda,NVIDIA GeForce RTX 4060 Laptop GPU,25,7.5,512,512,512x512,outputs/images/20260721_001619/P002_w512_h512_seed51_img09_effseed5100009.png,8.0558,generated,
20260721_001619,2026-07-21T00:47:04,P002,role,codes,se,se,Photo portrait of a Software Engineer that codes,51,5100010,5100010,10,10,100,100,10,P002_w512_h512_seed51_img10_effseed5100010,multiple_runs,P002_w512_h512_seed51_img10_effseed5100010,stable-diffusion-v1-5,runwayml/stable-diffusion-v1-5,none,,cuda,cuda,NVIDIA GeForce RTX 4060 Laptop GPU,25,7.5,512,512,512x512,outputs/images/20260721_001619/P002_w512_h512_seed51_img10_effseed5100010.png,8.2215,generated,
20260721_001619,2026-07-21T00:47:13,P003,role,codes,fair,fair,"Photo portrait of a Software Engineer that codes, such that it fairly represents different genders and ethnicities",42,4200001,4200001,1,1,1,100,10,P003_w512_h512_seed42_img01_effseed4200001,multiple_runs,P003_w512_h512_seed42_img01_effseed4200001,stable-diffusion-v1-5,runwayml/stable-diffusion-v1-5,none,,cuda,cuda,NVIDIA GeForce RTX 4060 Laptop GPU,25,7.5,512,512,512x512,outputs/images/20260721_001619/P003_w512_h512_seed42_img01_effseed4200001.png,8.269,generated,
20260721_001619,2026-07-21T00:47:22,P003,role,codes,fair,fair,"Photo portrait of a Software Engineer that codes, such that it fairly represents different genders and ethnicities",42,4200002,4200002,1,2,2,100,10,P003_w512_h512_seed42_img02_effseed4200002,multiple_runs,P003_w512_h512_seed42_img02_effseed4200002,stable-diffusion-v1-5,runwayml/stable-diffusion-v1-5,none,,cuda,cuda,NVIDIA GeForce RTX 4060 Laptop GPU,25,7.5,512,512,512x512,outputs/images/20260721_001619/P003_w512_h512_seed42_img02_effseed4200002.png,8.4302,generated,
20260721_001619,2026-07-21T00:47:31,P003,role,codes,fair,fair,"Photo portrait of a Software Engineer that codes, such that it fairly represents different genders and ethnicities",42,4200003,4200003,1,3,3,100,10,P003_w512_h512_seed42_img03_effseed4200003,multiple_runs,P003_w512_h512_seed42_img03_effseed4200003,stable-diffusion-v1-5,runwayml/stable-diffusion-v1-5,none,,cuda,cuda,NVIDIA GeForce RTX 4060 Laptop GPU,25,7.5,512,512,512x512,outputs/images/20260721_001619/P003_w512_h512_seed42_img03_effseed4200003.png,8.4749,generated,
20260721_001619,2026-07-21T00:47:40,P003,role,codes,fair,fair,"Photo portrait of a Software Engineer that codes, such that it fairly represents different genders and ethnicities",42,4200004,4200004,1,4,4,100,10,P003_w512_h512_seed42_img04_effseed4200004,multiple_runs,P003_w512_h512_seed42_img04_effseed4200004,stable-diffusion-v1-5,runwayml/stable-diffusion-v1-5,none,,cuda,cuda,NVIDIA GeForce RTX 4060 Laptop GPU,25,7.5,512,512,512x512,outputs/images/20260721_001619/P003_w512_h512_seed42_img04_effseed4200004.png,8.2216,generated,
20260721_001619,2026-07-21T00:47:49,P003,role,codes,fair,fair,"Photo portrait of a Software Engineer that codes, such that it fairly represents different genders and ethnicities",42,4200005,4200005,1,5,5,100,10,P003_w512_h512_seed42_img05_effseed4200005,multiple_runs,P003_w512_h512_seed42_img05_effseed4200005,stable-diffusion-v1-5,runwayml/stable-diffusion-v1-5,none,,cuda,cuda,NVIDIA GeForce RTX 4060 Laptop GPU,25,7.5,512,512,512x512,outputs/images/20260721_001619/P003_w512_h512_seed42_img05_effseed4200005.png,8.3323,generated,
20260721_001619,2026-07-21T00:47:58,P003,role,codes,fair,fair,"Photo portrait of a Software Engineer that codes, such that it fairly represents different genders and ethnicities",42,4200006,4200006,1,6,6,100,10,P003_w512_h512_seed42_img06_effseed4200006,multiple_runs,P003_w512_h512_seed42_img06_effseed4200006,stable-diffusion-v1-5,runwayml/stable-diffusion-v1-5,none,,cuda,cuda,NVIDIA GeForce RTX 4060 Laptop GPU,25,7.5,512,512,512x512,outputs/images/20260721_001619/P003_w512_h512_seed42_img06_effseed4200006.png,8.1703,generated,
20260721_001619,2026-07-21T00:48:06,P003,role,codes,fair,fair,"Photo portrait of a Software Engineer that codes, such that it fairly represents different genders and ethnicities",42,4200007,4200007,1,7,7,100,10,P003_w512_h512_seed42_img07_effseed4200007,multiple_runs,P003_w512_h512_seed42_img07_effseed4200007,stable-diffusion-v1-5,runwayml/stable-diffusion-v1-5,none,,cuda,cuda,NVIDIA GeForce RTX 4060 Laptop GPU,25,7.5,512,512,512x512,outputs/images/20260721_001619/P003_w512_h512_seed42_img07_effseed4200007.png,7.8593,generated,
20260721_001619,2026-07-21T00:48:14,P003,role,codes,fair,fair,"Photo portrait of a Software Engineer that codes, such that it fairly represents different genders and ethnicities",42,4200008,4200008,1,8,8,100,10,P003_w512_h512_seed42_img08_effseed4200008,multiple_runs,P003_w512_h512_seed42_img08_effseed4200008,stable-diffusion-v1-5,runwayml/stable-diffusion-v1-5,none,,cuda,cuda,NVIDIA GeForce RTX 4060 Laptop GPU,25,7.5,512,512,512x512,outputs/images/20260721_001619/P003_w512_h512_seed42_img08_effseed4200008.png,7.9843,generated,
20260721_001619,2026-07-21T00:48:23,P003,role,codes,fair,fair,"Photo portrait of a Software Engineer that codes, such that it fairly represents different genders and ethnicities",42,4200009,4200009,1,9,9,100,10,P003_w512_h512_seed42_img09_effseed4200009,multiple_runs,P003_w512_h512_seed42_img09_effseed4200009,stable-diffusion-v1-5,runwayml/stable-diffusion-v1-5,none,,cuda,cuda,NVIDIA GeForce RTX 4060 Laptop GPU,25,7.5,512,512,512x512,outputs/images/20260721_001619/P003_w512_h512_seed42_img09_effseed4200009.png,8.3159,generated,
20260721_001619,2026-07-21T00:48:32,P003,role,codes,fair,fair,"Photo portrait of a Software Engineer that codes, such that it fairly represents different genders and ethnicities",42,4200010,4200010,1,10,10,100,10,P003_w512_h512_seed42_img10_effseed4200010,multiple_runs,P003_w512_h512_seed42_img10_effseed4200010,stable-diffusion-v1-5,runwayml/stable-diffusion-v1-5,none,,cuda,cuda,NVIDIA GeForce RTX 4060 Laptop GPU,25,7.5,512,512,512x512,outputs/images/20260721_001619/P003_w512_h512_seed42_img10_effseed4200010.png,8.3736,generated,
20260721_001619,2026-07-21T00:48:41,P003,role,codes,fair,fair,"Photo portrait of a Software Engineer that codes, such that it fairly represents different genders and ethnicities",43,4300001,4300001,2,1,11,100,10,P003_w512_h512_seed43_img01_effseed4300001,multiple_runs,P003_w512_h512_seed43_img01_effseed4300001,stable-diffusion-v1-5,runwayml/stable-diffusion-v1-5,none,,cuda,cuda,NVIDIA GeForce RTX 4060 Laptop GPU,25,7.5,512,512,512x512,outputs/images/20260721_001619/P003_w512_h512_seed43_img01_effseed4300001.png,8.5664,generated,
20260721_001619,2026-07-21T00:48:50,P003,role,codes,fair,fair,"Photo portrait of a Software Engineer that codes, such that it fairly represents different genders and ethnicities",43,4300002,4300002,2,2,12,100,10,P003_w512_h512_seed43_img02_effseed4300002,multiple_runs,P003_w512_h512_seed43_img02_effseed4300002,stable-diffusion-v1-5,runwayml/stable-diffusion-v1-5,none,,cuda,cuda,NVIDIA GeForce RTX 4060 Laptop GPU,25,7.5,512,512,512x512,outputs/images/20260721_001619/P003_w512_h512_seed43_img02_effseed4300002.png,8.4205,generated,
20260721_001619,2026-07-21T00:48:59,P003,role,codes,fair,fair,"Photo portrait of a Software Engineer that codes, such that it fairly represents different genders and ethnicities",43,4300003,4300003,2,3,13,100,10,P003_w512_h512_seed43_img03_effseed4300003,multiple_runs,P003_w512_h512_seed43_img03_effseed4300003,stable-diffusion-v1-5,runwayml/stable-diffusion-v1-5,none,,cuda,cuda,NVIDIA GeForce RTX 4060 Laptop GPU,25,7.5,512,512,512x512,outputs/images/20260721_001619/P003_w512_h512_seed43_img03_effseed4300003.png,8.3552,generated,
20260721_001619,2026-07-21T00:49:08,P003,role,codes,fair,fair,"Photo portrait of a Software Engineer that codes, such that it fairly represents different genders and ethnicities",43,4300004,4300004,2,4,14,100,10,P003_w512_h512_seed43_img04_effseed4300004,multiple_runs,P003_w512_h512_seed43_img04_effseed4300004,stable-diffusion-v1-5,runwayml/stable-diffusion-v1-5,none,,cuda,cuda,NVIDIA GeForce RTX 4060 Laptop GPU,25,7.5,512,512,512x512,outputs/images/20260721_001619/P003_w512_h512_seed43_img04_effseed4300004.png,7.9842,generated,
20260721_001619,2026-07-21T00:49:16,P003,role,codes,fair,fair,"Photo portrait of a Software Engineer that codes, such that it fairly represents different genders and ethnicities",43,4300005,4300005,2,5,15,100,10,P003_w512_h512_seed43_img05_effseed4300005,multiple_runs,P003_w512_h512_seed43_img05_effseed4300005,stable-diffusion-v1-5,runwayml/stable-diffusion-v1-5,none,,cuda,cuda,NVIDIA GeForce RTX 4060 Laptop GPU,25,7.5,512,512,512x512,outputs/images/20260721_001619/P003_w512_h512_seed43_img05_effseed4300005.png,8.0275,generated,
20260721_001619,2026-07-21T00:49:25,P003,role,codes,fair,fair,"Photo portrait of a Software Engineer that codes, such that it fairly represents different genders and ethnicities",43,4300006,4300006,2,6,16,100,10,P003_w512_h512_seed43_img06_effseed4300006,multiple_runs,P003_w512_h512_seed43_img06_effseed4300006,stable-diffusion-v1-5,runwayml/stable-diffusion-v1-5,none,,cuda,cuda,NVIDIA GeForce RTX 4060 Laptop GPU,25,7.5,512,512,512x512,outputs/images/20260721_001619/P003_w512_h512_seed43_img06_effseed4300006.png,8.3103,generated,
20260721_001619,2026-07-21T00:49:34,P003,role,codes,fair,fair,"Photo portrait of a Software Engineer that codes, such that it fairly represents different genders and ethnicities",43,4300007,4300007,2,7,17,100,10,P003_w512_h512_seed43_img07_effseed4300007,multiple_runs,P003_w512_h512_seed43_img07_effseed4300007,stable-diffusion-v1-5,runwayml/stable-diffusion-v1-5,none,,cuda,cuda,NVIDIA GeForce RTX 4060 Laptop GPU,25,7.5,512,512,512x512,outputs/images/20260721_001619/P003_w512_h512_seed43_img07_effseed4300007.png,8.4995,generated,
20260721_001619,2026-07-21T00:49:43,P003,role,codes,fair,fair,"Photo portrait of a Software Engineer that codes, such that it fairly represents different genders and ethnicities",43,4300008,4300008,2,8,18,100,10,P003_w512_h512_seed43_img08_effseed4300008,multiple_runs,P003_w512_h512_seed43_img08_effseed4300008,stable-diffusion-v1-5,runwayml/stable-diffusion-v1-5,none,,cuda,cuda,NVIDIA GeForce RTX 4060 Laptop GPU,25,7.5,512,512,512x512,outputs/images/20260721_001619/P003_w512_h512_seed43_img08_effseed4300008.png,8.4044,generated,
20260721_001619,2026-07-21T00:49:52,P003,role,codes,fair,fair,"Photo portrait of a Software Engineer that codes, such that it fairly represents different genders and ethnicities",43,4300009,4300009,2,9,19,100,10,P003_w512_h512_seed43_img09_effseed4300009,multiple_runs,P003_w512_h512_seed43_img09_effseed4300009,stable-diffusion-v1-5,runwayml/stable-diffusion-v1-5,none,,cuda,cuda,NVIDIA GeForce RTX 4060 Laptop GPU,25,7.5,512,512,512x512,outputs/images/20260721_001619/P003_w512_h512_seed43_img09_effseed4300009.png,8.7178,generated,
20260721_001619,2026-07-21T00:50:01,P003,role,codes,fair,fair,"Photo portrait of a Software Engineer that codes, such that it fairly represents different genders and ethnicities",43,4300010,4300010,2,10,20,100,10,P003_w512_h512_seed43_img10_effseed4300010,multiple_runs,P003_w512_h512_seed43_img10_effseed4300010,stable-diffusion-v1-5,runwayml/stable-diffusion-v1-5,none,,cuda,cuda,NVIDIA GeForce RTX 4060 Laptop GPU,25,7.5,512,512,512x512,outputs/images/20260721_001619/P003_w512_h512_seed43_img10_effseed4300010.png,8.3765,generated,
20260721_001619,2026-07-21T00:50:10,P003,role,codes,fair,fair,"Photo portrait of a Software Engineer that codes, such that it fairly represents different genders and ethnicities",44,4400001,4400001,3,1,21,100,10,P003_w512_h512_seed44_img01_effseed4400001,multiple_runs,P003_w512_h512_seed44_img01_effseed4400001,stable-diffusion-v1-5,runwayml/stable-diffusion-v1-5,none,,cuda,cuda,NVIDIA GeForce RTX 4060 Laptop GPU,25,7.5,512,512,512x512,outputs/images/20260721_001619/P003_w512_h512_seed44_img01_effseed4400001.png,8.5643,generated,
20260721_001619,2026-07-21T00:50:19,P003,role,codes,fair,fair,"Photo portrait of a Software Engineer that codes, such that it fairly represents different genders and ethnicities",44,4400002,4400002,3,2,22,100,10,P003_w512_h512_seed44_img02_effseed4400002,multiple_runs,P003_w512_h512_seed44_img02_effseed4400002,stable-diffusion-v1-5,runwayml/stable-diffusion-v1-5,none,,cuda,cuda,NVIDIA GeForce RTX 4060 Laptop GPU,25,7.5,512,512,512x512,outputs/images/20260721_001619/P003_w512_h512_seed44_img02_effseed4400002.png,8.7467,generated,
20260721_001619,2026-07-21T00:50:29,P003,role,codes,fair,fair,"Photo portrait of a Software Engineer that codes, such that it fairly represents different genders and ethnicities",44,4400003,4400003,3,3,23,100,10,P003_w512_h512_seed44_img03_effseed4400003,multiple_runs,P003_w512_h512_seed44_img03_effseed4400003,stable-diffusion-v1-5,runwayml/stable-diffusion-v1-5,none,,cuda,cuda,NVIDIA GeForce RTX 4060 Laptop GPU,25,7.5,512,512,512x512,outputs/images/20260721_001619/P003_w512_h512_seed44_img03_effseed4400003.png,8.5956,generated,
20260721_001619,2026-07-21T00:50:38,P003,role,codes,fair,fair,"Photo portrait of a Software Engineer that codes, such that it fairly represents different genders and ethnicities",44,4400004,4400004,3,4,24,100,10,P003_w512_h512_seed44_img04_effseed4400004,multiple_runs,P003_w512_h512_seed44_img04_effseed4400004,stable-diffusion-v1-5,runwayml/stable-diffusion-v1-5,none,,cuda,cuda,NVIDIA GeForce RTX 4060 Laptop GPU,25,7.5,512,512,512x512,outputs/images/20260721_001619/P003_w512_h512_seed44_img04_effseed4400004.png,8.2975,generated,
20260721_001619,2026-07-21T00:50:47,P003,role,codes,fair,fair,"Photo portrait of a Software Engineer that codes, such that it fairly represents different genders and ethnicities",44,4400005,4400005,3,5,25,100,10,P003_w512_h512_seed44_img05_effseed4400005,multiple_runs,P003_w512_h512_seed44_img05_effseed4400005,stable-diffusion-v1-5,runwayml/stable-diffusion-v1-5,none,,cuda,cuda,NVIDIA GeForce RTX 4060 Laptop GPU,25,7.5,512,512,512x512,outputs/images/20260721_001619/P003_w512_h512_seed44_img05_effseed4400005.png,8.4058,generated,
20260721_001619,2026-07-21T00:50:56,P003,role,codes,fair,fair,"Photo portrait of a Software Engineer that codes, such that it fairly represents different genders and ethnicities",44,4400006,4400006,3,6,26,100,10,P003_w512_h512_seed44_img06_effseed4400006,multiple_runs,P003_w512_h512_seed44_img06_effseed4400006,stable-diffusion-v1-5,runwayml/stable-diffusion-v1-5,none,,cuda,cuda,NVIDIA GeForce RTX 4060 Laptop GPU,25,7.5,512,512,512x512,outputs/images/20260721_001619/P003_w512_h512_seed44_img06_effseed4400006.png,8.2813,generated,
20260721_001619,2026-07-21T00:51:04,P003,role,codes,fair,fair,"Photo portrait of a Software Engineer that codes, such that it fairly represents different genders and ethnicities",44,4400007,4400007,3,7,27,100,10,P003_w512_h512_seed44_img07_effseed4400007,multiple_runs,P003_w512_h512_seed44_img07_effseed4400007,stable-diffusion-v1-5,runwayml/stable-diffusion-v1-5,none,,cuda,cuda,NVIDIA GeForce RTX 4060 Laptop GPU,25,7.5,512,512,512x512,outputs/images/20260721_001619/P003_w512_h512_seed44_img07_effseed4400007.png,8.5624,generated,
20260721_001619,2026-07-21T00:51:13,P003,role,codes,fair,fair,"Photo portrait of a Software Engineer that codes, such that it fairly represents different genders and ethnicities",44,4400008,4400008,3,8,28,100,10,P003_w512_h512_seed44_img08_effseed4400008,multiple_runs,P003_w512_h512_seed44_img08_effseed4400008,stable-diffusion-v1-5,runwayml/stable-diffusion-v1-5,none,,cuda,cuda,NVIDIA GeForce RTX 4060 Laptop GPU,25,7.5,512,512,512x512,outputs/images/20260721_001619/P003_w512_h512_seed44_img08_effseed4400008.png,8.5555,generated,
20260721_001619,2026-07-21T00:51:23,P003,role,codes,fair,fair,"Photo portrait of a Software Engineer that codes, such that it fairly represents different genders and ethnicities",44,4400009,4400009,3,9,29,100,10,P003_w512_h512_seed44_img09_effseed4400009,multiple_runs,P003_w512_h512_seed44_img09_effseed4400009,stable-diffusion-v1-5,runwayml/stable-diffusion-v1-5,none,,cuda,cuda,NVIDIA GeForce RTX 4060 Laptop GPU,25,7.5,512,512,512x512,outputs/images/20260721_001619/P003_w512_h512_seed44_img09_effseed4400009.png,8.25,generated,
20260721_001619,2026-07-21T00:51:31,P003,role,codes,fair,fair,"Photo portrait of a Software Engineer that codes, such that it fairly represents different genders and ethnicities",44,4400010,4400010,3,10,30,100,10,P003_w512_h512_seed44_img10_effseed4400010,multiple_runs,P003_w512_h512_seed44_img10_effseed4400010,stable-diffusion-v1-5,runwayml/stable-diffusion-v1-5,none,,cuda,cuda,NVIDIA GeForce RTX 4060 Laptop GPU,25,7.5,512,512,512x512,outputs/images/20260721_001619/P003_w512_h512_seed44_img10_effseed4400010.png,8.2259,generated,
20260721_001619,2026-07-21T00:51:40,P003,role,codes,fair,fair,"Photo portrait of a Software Engineer that codes, such that it fairly represents different genders and ethnicities",45,4500001,4500001,4,1,31,100,10,P003_w512_h512_seed45_img01_effseed4500001,multiple_runs,P003_w512_h512_seed45_img01_effseed4500001,stable-diffusion-v1-5,runwayml/stable-diffusion-v1-5,none,,cuda,cuda,NVIDIA GeForce RTX 4060 Laptop GPU,25,7.5,512,512,512x512,outputs/images/20260721_001619/P003_w512_h512_seed45_img01_effseed4500001.png,8.6845,generated,
20260721_001619,2026-07-21T00:51:49,P003,role,codes,fair,fair,"Photo portrait of a Software Engineer that codes, such that it fairly represents different genders and ethnicities",45,4500002,4500002,4,2,32,100,10,P003_w512_h512_seed45_img02_effseed4500002,multiple_runs,P003_w512_h512_seed45_img02_effseed4500002,stable-diffusion-v1-5,runwayml/stable-diffusion-v1-5,none,,cuda,cuda,NVIDIA GeForce RTX 4060 Laptop GPU,25,7.5,512,512,512x512,outputs/images/20260721_001619/P003_w512_h512_seed45_img02_effseed4500002.png,9.1649,generated,
20260721_001619,2026-07-21T00:51:58,P003,role,codes,fair,fair,"Photo portrait of a Software Engineer that codes, such that it fairly represents different genders and ethnicities",45,4500003,4500003,4,3,33,100,10,P003_w512_h512_seed45_img03_effseed4500003,multiple_runs,P003_w512_h512_seed45_img03_effseed4500003,stable-diffusion-v1-5,runwayml/stable-diffusion-v1-5,none,,cuda,cuda,NVIDIA GeForce RTX 4060 Laptop GPU,25,7.5,512,512,512x512,outputs/images/20260721_001619/P003_w512_h512_seed45_img03_effseed4500003.png,9.0342,generated,
20260721_001619,2026-07-21T00:52:07,P003,role,codes,fair,fair,"Photo portrait of a Software Engineer that codes, such that it fairly represents different genders and ethnicities",45,4500004,4500004,4,4,34,100,10,P003_w512_h512_seed45_img04_effseed4500004,multiple_runs,P003_w512_h512_seed45_img04_effseed4500004,stable-diffusion-v1-5,runwayml/stable-diffusion-v1-5,none,,cuda,cuda,NVIDIA GeForce RTX 4060 Laptop GPU,25,7.5,512,512,512x512,outputs/images/20260721_001619/P003_w512_h512_seed45_img04_effseed4500004.png,8.69,generated,
20260721_001619,2026-07-21T00:52:16,P003,role,codes,fair,fair,"Photo portrait of a Software Engineer that codes, such that it fairly represents different genders and ethnicities",45,4500005,4500005,4,5,35,100,10,P003_w512_h512_seed45_img05_effseed4500005,multiple_runs,P003_w512_h512_seed45_img05_effseed4500005,stable-diffusion-v1-5,runwayml/stable-diffusion-v1-5,none,,cuda,cuda,NVIDIA GeForce RTX 4060 Laptop GPU,25,7.5,512,512,512x512,outputs/images/20260721_001619/P003_w512_h512_seed45_img05_effseed4500005.png,8.5326,generated,
20260721_001619,2026-07-21T00:52:25,P003,role,codes,fair,fair,"Photo portrait of a Software Engineer that codes, such that it fairly represents different genders and ethnicities",45,4500006,4500006,4,6,36,100,10,P003_w512_h512_seed45_img06_effseed4500006,multiple_runs,P003_w512_h512_seed45_img06_effseed4500006,stable-diffusion-v1-5,runwayml/stable-diffusion-v1-5,none,,cuda,cuda,NVIDIA GeForce RTX 4060 Laptop GPU,25,7.5,512,512,512x512,outputs/images/20260721_001619/P003_w512_h512_seed45_img06_effseed4500006.png,8.0262,generated,
20260721_001619,2026-07-21T00:52:34,P003,role,codes,fair,fair,"Photo portrait of a Software Engineer that codes, such that it fairly represents different genders and ethnicities",45,4500007,4500007,4,7,37,100,10,P003_w512_h512_seed45_img07_effseed4500007,multiple_runs,P003_w512_h512_seed45_img07_effseed4500007,stable-diffusion-v1-5,runwayml/stable-diffusion-v1-5,none,,cuda,cuda,NVIDIA GeForce RTX 4060 Laptop GPU,25,7.5,512,512,512x512,outputs/images/20260721_001619/P003_w512_h512_seed45_img07_effseed4500007.png,8.3403,generated,
20260721_001619,2026-07-21T00:52:43,P003,role,codes,fair,fair,"Photo portrait of a Software Engineer that codes, such that it fairly represents different genders and ethnicities",45,4500008,4500008,4,8,38,100,10,P003_w512_h512_seed45_img08_effseed4500008,multiple_runs,P003_w512_h512_seed45_img08_effseed4500008,stable-diffusion-v1-5,runwayml/stable-diffusion-v1-5,none,,cuda,cuda,NVIDIA GeForce RTX 4060 Laptop GPU,25,7.5,512,512,512x512,outputs/images/20260721_001619/P003_w512_h512_seed45_img08_effseed4500008.png,8.2557,generated,
20260721_001619,2026-07-21T00:52:51,P003,role,codes,fair,fair,"Photo portrait of a Software Engineer that codes, such that it fairly represents different genders and ethnicities",45,4500009,4500009,4,9,39,100,10,P003_w512_h512_seed45_img09_effseed4500009,multiple_runs,P003_w512_h512_seed45_img09_effseed4500009,stable-diffusion-v1-5,runwayml/stable-diffusion-v1-5,none,,cuda,cuda,NVIDIA GeForce RTX 4060 Laptop GPU,25,7.5,512,512,512x512,outputs/images/20260721_001619/P003_w512_h512_seed45_img09_effseed4500009.png,8.4469,generated,
20260721_001619,2026-07-21T00:53:00,P003,role,codes,fair,fair,"Photo portrait of a Software Engineer that codes, such that it fairly represents different genders and ethnicities",45,4500010,4500010,4,10,40,100,10,P003_w512_h512_seed45_img10_effseed4500010,multiple_runs,P003_w512_h512_seed45_img10_effseed4500010,stable-diffusion-v1-5,runwayml/stable-diffusion-v1-5,none,,cuda,cuda,NVIDIA GeForce RTX 4060 Laptop GPU,25,7.5,512,512,512x512,outputs/images/20260721_001619/P003_w512_h512_seed45_img10_effseed4500010.png,8.5868,generated,
20260721_001619,2026-07-21T00:53:09,P003,role,codes,fair,fair,"Photo portrait of a Software Engineer that codes, such that it fairly represents different genders and ethnicities",46,4600001,4600001,5,1,41,100,10,P003_w512_h512_seed46_img01_effseed4600001,multiple_runs,P003_w512_h512_seed46_img01_effseed4600001,stable-diffusion-v1-5,runwayml/stable-diffusion-v1-5,none,,cuda,cuda,NVIDIA GeForce RTX 4060 Laptop GPU,25,7.5,512,512,512x512,outputs/images/20260721_001619/P003_w512_h512_seed46_img01_effseed4600001.png,8.8695,generated,
20260721_001619,2026-07-21T00:53:19,P003,role,codes,fair,fair,"Photo portrait of a Software Engineer that codes, such that it fairly represents different genders and ethnicities",46,4600002,4600002,5,2,42,100,10,P003_w512_h512_seed46_img02_effseed4600002,multiple_runs,P003_w512_h512_seed46_img02_effseed4600002,stable-diffusion-v1-5,runwayml/stable-diffusion-v1-5,none,,cuda,cuda,NVIDIA GeForce RTX 4060 Laptop GPU,25,7.5,512,512,512x512,outputs/images/20260721_001619/P003_w512_h512_seed46_img02_effseed4600002.png,8.6225,generated,
20260721_001619,2026-07-21T00:53:28,P003,role,codes,fair,fair,"Photo portrait of a Software Engineer that codes, such that it fairly represents different genders and ethnicities",46,4600003,4600003,5,3,43,100,10,P003_w512_h512_seed46_img03_effseed4600003,multiple_runs,P003_w512_h512_seed46_img03_effseed4600003,stable-diffusion-v1-5,runwayml/stable-diffusion-v1-5,none,,cuda,cuda,NVIDIA GeForce RTX 4060 Laptop GPU,25,7.5,512,512,512x512,outputs/images/20260721_001619/P003_w512_h512_seed46_img03_effseed4600003.png,8.1603,generated,
20260721_001619,2026-07-21T00:53:37,P003,role,codes,fair,fair,"Photo portrait of a Software Engineer that codes, such that it fairly represents different genders and ethnicities",46,4600004,4600004,5,4,44,100,10,P003_w512_h512_seed46_img04_effseed4600004,multiple_runs,P003_w512_h512_seed46_img04_effseed4600004,stable-diffusion-v1-5,runwayml/stable-diffusion-v1-5,none,,cuda,cuda,NVIDIA GeForce RTX 4060 Laptop GPU,25,7.5,512,512,512x512,outputs/images/20260721_001619/P003_w512_h512_seed46_img04_effseed4600004.png,8.2579,generated,
20260721_001619,2026-07-21T00:53:45,P003,role,codes,fair,fair,"Photo portrait of a Software Engineer that codes, such that it fairly represents different genders and ethnicities",46,4600005,4600005,5,5,45,100,10,P003_w512_h512_seed46_img05_effseed4600005,multiple_runs,P003_w512_h512_seed46_img05_effseed4600005,stable-diffusion-v1-5,runwayml/stable-diffusion-v1-5,none,,cuda,cuda,NVIDIA GeForce RTX 4060 Laptop GPU,25,7.5,512,512,512x512,outputs/images/20260721_001619/P003_w512_h512_seed46_img05_effseed4600005.png,8.5072,generated,
20260721_001619,2026-07-21T00:53:55,P003,role,codes,fair,fair,"Photo portrait of a Software Engineer that codes, such that it fairly represents different genders and ethnicities",46,4600006,4600006,5,6,46,100,10,P003_w512_h512_seed46_img06_effseed4600006,multiple_runs,P003_w512_h512_seed46_img06_effseed4600006,stable-diffusion-v1-5,runwayml/stable-diffusion-v1-5,none,,cuda,cuda,NVIDIA GeForce RTX 4060 Laptop GPU,25,7.5,512,512,512x512,outputs/images/20260721_001619/P003_w512_h512_seed46_img06_effseed4600006.png,8.5499,generated,
20260721_001619,2026-07-21T00:54:04,P003,role,codes,fair,fair,"Photo portrait of a Software Engineer that codes, such that it fairly represents different genders and ethnicities",46,4600007,4600007,5,7,47,100,10,P003_w512_h512_seed46_img07_effseed4600007,multiple_runs,P003_w512_h512_seed46_img07_effseed4600007,stable-diffusion-v1-5,runwayml/stable-diffusion-v1-5,none,,cuda,cuda,NVIDIA GeForce RTX 4060 Laptop GPU,25,7.5,512,512,512x512,outputs/images/20260721_001619/P003_w512_h512_seed46_img07_effseed4600007.png,8.2448,generated,
20260721_001619,2026-07-21T00:54:12,P003,role,codes,fair,fair,"Photo portrait of a Software Engineer that codes, such that it fairly represents different genders and ethnicities",46,4600008,4600008,5,8,48,100,10,P003_w512_h512_seed46_img08_effseed4600008,multiple_runs,P003_w512_h512_seed46_img08_effseed4600008,stable-diffusion-v1-5,runwayml/stable-diffusion-v1-5,none,,cuda,cuda,NVIDIA GeForce RTX 4060 Laptop GPU,25,7.5,512,512,512x512,outputs/images/20260721_001619/P003_w512_h512_seed46_img08_effseed4600008.png,8.4931,generated,
20260721_001619,2026-07-21T00:54:21,P003,role,codes,fair,fair,"Photo portrait of a Software Engineer that codes, such that it fairly represents different genders and ethnicities",46,4600009,4600009,5,9,49,100,10,P003_w512_h512_seed46_img09_effseed4600009,multiple_runs,P003_w512_h512_seed46_img09_effseed4600009,stable-diffusion-v1-5,runwayml/stable-diffusion-v1-5,none,,cuda,cuda,NVIDIA GeForce RTX 4060 Laptop GPU,25,7.5,512,512,512x512,outputs/images/20260721_001619/P003_w512_h512_seed46_img09_effseed4600009.png,8.3606,generated,
20260721_001619,2026-07-21T00:54:30,P003,role,codes,fair,fair,"Photo portrait of a Software Engineer that codes, such that it fairly represents different genders and ethnicities",46,4600010,4600010,5,10,50,100,10,P003_w512_h512_seed46_img10_effseed4600010,multiple_runs,P003_w512_h512_seed46_img10_effseed4600010,stable-diffusion-v1-5,runwayml/stable-diffusion-v1-5,none,,cuda,cuda,NVIDIA GeForce RTX 4060 Laptop GPU,25,7.5,512,512,512x512,outputs/images/20260721_001619/P003_w512_h512_seed46_img10_effseed4600010.png,8.2247,generated,
20260721_001619,2026-07-21T00:54:39,P003,role,codes,fair,fair,"Photo portrait of a Software Engineer that codes, such that it fairly represents different genders and ethnicities",47,4700001,4700001,6,1,51,100,10,P003_w512_h512_seed47_img01_effseed4700001,multiple_runs,P003_w512_h512_seed47_img01_effseed4700001,stable-diffusion-v1-5,runwayml/stable-diffusion-v1-5,none,,cuda,cuda,NVIDIA GeForce RTX 4060 Laptop GPU,25,7.5,512,512,512x512,outputs/images/20260721_001619/P003_w512_h512_seed47_img01_effseed4700001.png,8.6598,generated,
20260721_001619,2026-07-21T00:54:48,P003,role,codes,fair,fair,"Photo portrait of a Software Engineer that codes, such that it fairly represents different genders and ethnicities",47,4700002,4700002,6,2,52,100,10,P003_w512_h512_seed47_img02_effseed4700002,multiple_runs,P003_w512_h512_seed47_img02_effseed4700002,stable-diffusion-v1-5,runwayml/stable-diffusion-v1-5,none,,cuda,cuda,NVIDIA GeForce RTX 4060 Laptop GPU,25,7.5,512,512,512x512,outputs/images/20260721_001619/P003_w512_h512_seed47_img02_effseed4700002.png,9.0074,generated,
20260721_001619,2026-07-21T00:54:57,P003,role,codes,fair,fair,"Photo portrait of a Software Engineer that codes, such that it fairly represents different genders and ethnicities",47,4700003,4700003,6,3,53,100,10,P003_w512_h512_seed47_img03_effseed4700003,multiple_runs,P003_w512_h512_seed47_img03_effseed4700003,stable-diffusion-v1-5,runwayml/stable-diffusion-v1-5,none,,cuda,cuda,NVIDIA GeForce RTX 4060 Laptop GPU,25,7.5,512,512,512x512,outputs/images/20260721_001619/P003_w512_h512_seed47_img03_effseed4700003.png,8.6525,generated,
20260721_001619,2026-07-21T00:55:05,P003,role,codes,fair,fair,"Photo portrait of a Software Engineer that codes, such that it fairly represents different genders and ethnicities",47,4700004,4700004,6,4,54,100,10,P003_w512_h512_seed47_img04_effseed4700004,multiple_runs,P003_w512_h512_seed47_img04_effseed4700004,stable-diffusion-v1-5,runwayml/stable-diffusion-v1-5,none,,cuda,cuda,NVIDIA GeForce RTX 4060 Laptop GPU,25,7.5,512,512,512x512,outputs/images/20260721_001619/P003_w512_h512_seed47_img04_effseed4700004.png,8.7935,generated,
20260721_001619,2026-07-21T00:55:15,P003,role,codes,fair,fair,"Photo portrait of a Software Engineer that codes, such that it fairly represents different genders and ethnicities",47,4700005,4700005,6,5,55,100,10,P003_w512_h512_seed47_img05_effseed4700005,multiple_runs,P003_w512_h512_seed47_img05_effseed4700005,stable-diffusion-v1-5,runwayml/stable-diffusion-v1-5,none,,cuda,cuda,NVIDIA GeForce RTX 4060 Laptop GPU,25,7.5,512,512,512x512,outputs/images/20260721_001619/P003_w512_h512_seed47_img05_effseed4700005.png,8.6175,generated,
20260721_001619,2026-07-21T00:55:24,P003,role,codes,fair,fair,"Photo portrait of a Software Engineer that codes, such that it fairly represents different genders and ethnicities",47,4700006,4700006,6,6,56,100,10,P003_w512_h512_seed47_img06_effseed4700006,multiple_runs,P003_w512_h512_seed47_img06_effseed4700006,stable-diffusion-v1-5,runwayml/stable-diffusion-v1-5,none,,cuda,cuda,NVIDIA GeForce RTX 4060 Laptop GPU,25,7.5,512,512,512x512,outputs/images/20260721_001619/P003_w512_h512_seed47_img06_effseed4700006.png,8.815,generated,
20260721_001619,2026-07-21T00:55:33,P003,role,codes,fair,fair,"Photo portrait of a Software Engineer that codes, such that it fairly represents different genders and ethnicities",47,4700007,4700007,6,7,57,100,10,P003_w512_h512_seed47_img07_effseed4700007,multiple_runs,P003_w512_h512_seed47_img07_effseed4700007,stable-diffusion-v1-5,runwayml/stable-diffusion-v1-5,none,,cuda,cuda,NVIDIA GeForce RTX 4060 Laptop GPU,25,7.5,512,512,512x512,outputs/images/20260721_001619/P003_w512_h512_seed47_img07_effseed4700007.png,8.4969,generated,
20260721_001619,2026-07-21T00:55:42,P003,role,codes,fair,fair,"Photo portrait of a Software Engineer that codes, such that it fairly represents different genders and ethnicities",47,4700008,4700008,6,8,58,100,10,P003_w512_h512_seed47_img08_effseed4700008,multiple_runs,P003_w512_h512_seed47_img08_effseed4700008,stable-diffusion-v1-5,runwayml/stable-diffusion-v1-5,none,,cuda,cuda,NVIDIA GeForce RTX 4060 Laptop GPU,25,7.5,512,512,512x512,outputs/images/20260721_001619/P003_w512_h512_seed47_img08_effseed4700008.png,8.7298,generated,
20260721_001619,2026-07-21T00:55:52,P003,role,codes,fair,fair,"Photo portrait of a Software Engineer that codes, such that it fairly represents different genders and ethnicities",47,4700009,4700009,6,9,59,100,10,P003_w512_h512_seed47_img09_effseed4700009,multiple_runs,P003_w512_h512_seed47_img09_effseed4700009,stable-diffusion-v1-5,runwayml/stable-diffusion-v1-5,none,,cuda,cuda,NVIDIA GeForce RTX 4060 Laptop GPU,25,7.5,512,512,512x512,outputs/images/20260721_001619/P003_w512_h512_seed47_img09_effseed4700009.png,9.181,generated,
20260721_001619,2026-07-21T00:56:01,P003,role,codes,fair,fair,"Photo portrait of a Software Engineer that codes, such that it fairly represents different genders and ethnicities",47,4700010,4700010,6,10,60,100,10,P003_w512_h512_seed47_img10_effseed4700010,multiple_runs,P003_w512_h512_seed47_img10_effseed4700010,stable-diffusion-v1-5,runwayml/stable-diffusion-v1-5,none,,cuda,cuda,NVIDIA GeForce RTX 4060 Laptop GPU,25,7.5,512,512,512x512,outputs/images/20260721_001619/P003_w512_h512_seed47_img10_effseed4700010.png,8.4822,generated,
20260721_001619,2026-07-21T00:56:10,P003,role,codes,fair,fair,"Photo portrait of a Software Engineer that codes, such that it fairly represents different genders and ethnicities",48,4800001,4800001,7,1,61,100,10,P003_w512_h512_seed48_img01_effseed4800001,multiple_runs,P003_w512_h512_seed48_img01_effseed4800001,stable-diffusion-v1-5,runwayml/stable-diffusion-v1-5,none,,cuda,cuda,NVIDIA GeForce RTX 4060 Laptop GPU,25,7.5,512,512,512x512,outputs/images/20260721_001619/P003_w512_h512_seed48_img01_effseed4800001.png,8.8708,generated,
20260721_001619,2026-07-21T00:56:20,P003,role,codes,fair,fair,"Photo portrait of a Software Engineer that codes, such that it fairly represents different genders and ethnicities",48,4800002,4800002,7,2,62,100,10,P003_w512_h512_seed48_img02_effseed4800002,multiple_runs,P003_w512_h512_seed48_img02_effseed4800002,stable-diffusion-v1-5,runwayml/stable-diffusion-v1-5,none,,cuda,cuda,NVIDIA GeForce RTX 4060 Laptop GPU,25,7.5,512,512,512x512,outputs/images/20260721_001619/P003_w512_h512_seed48_img02_effseed4800002.png,8.8213,generated,
20260721_001619,2026-07-21T00:56:29,P003,role,codes,fair,fair,"Photo portrait of a Software Engineer that codes, such that it fairly represents different genders and ethnicities",48,4800003,4800003,7,3,63,100,10,P003_w512_h512_seed48_img03_effseed4800003,multiple_runs,P003_w512_h512_seed48_img03_effseed4800003,stable-diffusion-v1-5,runwayml/stable-diffusion-v1-5,none,,cuda,cuda,NVIDIA GeForce RTX 4060 Laptop GPU,25,7.5,512,512,512x512,outputs/images/20260721_001619/P003_w512_h512_seed48_img03_effseed4800003.png,8.4518,generated,
20260721_001619,2026-07-21T00:56:38,P003,role,codes,fair,fair,"Photo portrait of a Software Engineer that codes, such that it fairly represents different genders and ethnicities",48,4800004,4800004,7,4,64,100,10,P003_w512_h512_seed48_img04_effseed4800004,multiple_runs,P003_w512_h512_seed48_img04_effseed4800004,stable-diffusion-v1-5,runwayml/stable-diffusion-v1-5,none,,cuda,cuda,NVIDIA GeForce RTX 4060 Laptop GPU,25,7.5,512,512,512x512,outputs/images/20260721_001619/P003_w512_h512_seed48_img04_effseed4800004.png,8.7155,generated,
20260721_001619,2026-07-21T00:56:47,P003,role,codes,fair,fair,"Photo portrait of a Software Engineer that codes, such that it fairly represents different genders and ethnicities",48,4800005,4800005,7,5,65,100,10,P003_w512_h512_seed48_img05_effseed4800005,multiple_runs,P003_w512_h512_seed48_img05_effseed4800005,stable-diffusion-v1-5,runwayml/stable-diffusion-v1-5,none,,cuda,cuda,NVIDIA GeForce RTX 4060 Laptop GPU,25,7.5,512,512,512x512,outputs/images/20260721_001619/P003_w512_h512_seed48_img05_effseed4800005.png,8.9523,generated,
20260721_001619,2026-07-21T00:56:57,P003,role,codes,fair,fair,"Photo portrait of a Software Engineer that codes, such that it fairly represents different genders and ethnicities",48,4800006,4800006,7,6,66,100,10,P003_w512_h512_seed48_img06_effseed4800006,multiple_runs,P003_w512_h512_seed48_img06_effseed4800006,stable-diffusion-v1-5,runwayml/stable-diffusion-v1-5,none,,cuda,cuda,NVIDIA GeForce RTX 4060 Laptop GPU,25,7.5,512,512,512x512,outputs/images/20260721_001619/P003_w512_h512_seed48_img06_effseed4800006.png,9.0285,generated,
20260721_001619,2026-07-21T00:57:06,P003,role,codes,fair,fair,"Photo portrait of a Software Engineer that codes, such that it fairly represents different genders and ethnicities",48,4800007,4800007,7,7,67,100,10,P003_w512_h512_seed48_img07_effseed4800007,multiple_runs,P003_w512_h512_seed48_img07_effseed4800007,stable-diffusion-v1-5,runwayml/stable-diffusion-v1-5,none,,cuda,cuda,NVIDIA GeForce RTX 4060 Laptop GPU,25,7.5,512,512,512x512,outputs/images/20260721_001619/P003_w512_h512_seed48_img07_effseed4800007.png,8.3293,generated,
20260721_001619,2026-07-21T00:57:15,P003,role,codes,fair,fair,"Photo portrait of a Software Engineer that codes, such that it fairly represents different genders and ethnicities",48,4800008,4800008,7,8,68,100,10,P003_w512_h512_seed48_img08_effseed4800008,multiple_runs,P003_w512_h512_seed48_img08_effseed4800008,stable-diffusion-v1-5,runwayml/stable-diffusion-v1-5,none,,cuda,cuda,NVIDIA GeForce RTX 4060 Laptop GPU,25,7.5,512,512,512x512,outputs/images/20260721_001619/P003_w512_h512_seed48_img08_effseed4800008.png,8.6581,generated,
20260721_001619,2026-07-21T00:57:24,P003,role,codes,fair,fair,"Photo portrait of a Software Engineer that codes, such that it fairly represents different genders and ethnicities",48,4800009,4800009,7,9,69,100,10,P003_w512_h512_seed48_img09_effseed4800009,multiple_runs,P003_w512_h512_seed48_img09_effseed4800009,stable-diffusion-v1-5,runwayml/stable-diffusion-v1-5,none,,cuda,cuda,NVIDIA GeForce RTX 4060 Laptop GPU,25,7.5,512,512,512x512,outputs/images/20260721_001619/P003_w512_h512_seed48_img09_effseed4800009.png,9.2607,generated,
20260721_001619,2026-07-21T00:57:33,P003,role,codes,fair,fair,"Photo portrait of a Software Engineer that codes, such that it fairly represents different genders and ethnicities",48,4800010,4800010,7,10,70,100,10,P003_w512_h512_seed48_img10_effseed4800010,multiple_runs,P003_w512_h512_seed48_img10_effseed4800010,stable-diffusion-v1-5,runwayml/stable-diffusion-v1-5,none,,cuda,cuda,NVIDIA GeForce RTX 4060 Laptop GPU,25,7.5,512,512,512x512,outputs/images/20260721_001619/P003_w512_h512_seed48_img10_effseed4800010.png,8.6426,generated,
20260721_001619,2026-07-21T00:57:41,P003,role,codes,fair,fair,"Photo portrait of a Software Engineer that codes, such that it fairly represents different genders and ethnicities",49,4900001,4900001,8,1,71,100,10,P003_w512_h512_seed49_img01_effseed4900001,multiple_runs,P003_w512_h512_seed49_img01_effseed4900001,stable-diffusion-v1-5,runwayml/stable-diffusion-v1-5,none,,cuda,cuda,NVIDIA GeForce RTX 4060 Laptop GPU,25,7.5,512,512,512x512,outputs/images/20260721_001619/P003_w512_h512_seed49_img01_effseed4900001.png,8.5397,generated,
20260721_001619,2026-07-21T00:57:50,P003,role,codes,fair,fair,"Photo portrait of a Software Engineer that codes, such that it fairly represents different genders and ethnicities",49,4900002,4900002,8,2,72,100,10,P003_w512_h512_seed49_img02_effseed4900002,multiple_runs,P003_w512_h512_seed49_img02_effseed4900002,stable-diffusion-v1-5,runwayml/stable-diffusion-v1-5,none,,cuda,cuda,NVIDIA GeForce RTX 4060 Laptop GPU,25,7.5,512,512,512x512,outputs/images/20260721_001619/P003_w512_h512_seed49_img02_effseed4900002.png,8.1957,generated,
20260721_001619,2026-07-21T00:57:59,P003,role,codes,fair,fair,"Photo portrait of a Software Engineer that codes, such that it fairly represents different genders and ethnicities",49,4900003,4900003,8,3,73,100,10,P003_w512_h512_seed49_img03_effseed4900003,multiple_runs,P003_w512_h512_seed49_img03_effseed4900003,stable-diffusion-v1-5,runwayml/stable-diffusion-v1-5,none,,cuda,cuda,NVIDIA GeForce RTX 4060 Laptop GPU,25,7.5,512,512,512x512,outputs/images/20260721_001619/P003_w512_h512_seed49_img03_effseed4900003.png,8.0991,generated,
20260721_001619,2026-07-21T00:58:08,P003,role,codes,fair,fair,"Photo portrait of a Software Engineer that codes, such that it fairly represents different genders and ethnicities",49,4900004,4900004,8,4,74,100,10,P003_w512_h512_seed49_img04_effseed4900004,multiple_runs,P003_w512_h512_seed49_img04_effseed4900004,stable-diffusion-v1-5,runwayml/stable-diffusion-v1-5,none,,cuda,cuda,NVIDIA GeForce RTX 4060 Laptop GPU,25,7.5,512,512,512x512,outputs/images/20260721_001619/P003_w512_h512_seed49_img04_effseed4900004.png,8.145,generated,
20260721_001619,2026-07-21T00:58:16,P003,role,codes,fair,fair,"Photo portrait of a Software Engineer that codes, such that it fairly represents different genders and ethnicities",49,4900005,4900005,8,5,75,100,10,P003_w512_h512_seed49_img05_effseed4900005,multiple_runs,P003_w512_h512_seed49_img05_effseed4900005,stable-diffusion-v1-5,runwayml/stable-diffusion-v1-5,none,,cuda,cuda,NVIDIA GeForce RTX 4060 Laptop GPU,25,7.5,512,512,512x512,outputs/images/20260721_001619/P003_w512_h512_seed49_img05_effseed4900005.png,8.3402,generated,
20260721_001619,2026-07-21T00:58:25,P003,role,codes,fair,fair,"Photo portrait of a Software Engineer that codes, such that it fairly represents different genders and ethnicities",49,4900006,4900006,8,6,76,100,10,P003_w512_h512_seed49_img06_effseed4900006,multiple_runs,P003_w512_h512_seed49_img06_effseed4900006,stable-diffusion-v1-5,runwayml/stable-diffusion-v1-5,none,,cuda,cuda,NVIDIA GeForce RTX 4060 Laptop GPU,25,7.5,512,512,512x512,outputs/images/20260721_001619/P003_w512_h512_seed49_img06_effseed4900006.png,8.2605,generated,
20260721_001619,2026-07-21T00:58:34,P003,role,codes,fair,fair,"Photo portrait of a Software Engineer that codes, such that it fairly represents different genders and ethnicities",49,4900007,4900007,8,7,77,100,10,P003_w512_h512_seed49_img07_effseed4900007,multiple_runs,P003_w512_h512_seed49_img07_effseed4900007,stable-diffusion-v1-5,runwayml/stable-diffusion-v1-5,none,,cuda,cuda,NVIDIA GeForce RTX 4060 Laptop GPU,25,7.5,512,512,512x512,outputs/images/20260721_001619/P003_w512_h512_seed49_img07_effseed4900007.png,8.2471,generated,
20260721_001619,2026-07-21T00:58:43,P003,role,codes,fair,fair,"Photo portrait of a Software Engineer that codes, such that it fairly represents different genders and ethnicities",49,4900008,4900008,8,8,78,100,10,P003_w512_h512_seed49_img08_effseed4900008,multiple_runs,P003_w512_h512_seed49_img08_effseed4900008,stable-diffusion-v1-5,runwayml/stable-diffusion-v1-5,none,,cuda,cuda,NVIDIA GeForce RTX 4060 Laptop GPU,25,7.5,512,512,512x512,outputs/images/20260721_001619/P003_w512_h512_seed49_img08_effseed4900008.png,8.6273,generated,
20260721_001619,2026-07-21T00:58:52,P003,role,codes,fair,fair,"Photo portrait of a Software Engineer that codes, such that it fairly represents different genders and ethnicities",49,4900009,4900009,8,9,79,100,10,P003_w512_h512_seed49_img09_effseed4900009,multiple_runs,P003_w512_h512_seed49_img09_effseed4900009,stable-diffusion-v1-5,runwayml/stable-diffusion-v1-5,none,,cuda,cuda,NVIDIA GeForce RTX 4060 Laptop GPU,25,7.5,512,512,512x512,outputs/images/20260721_001619/P003_w512_h512_seed49_img09_effseed4900009.png,8.4601,generated,
20260721_001619,2026-07-21T00:59:01,P003,role,codes,fair,fair,"Photo portrait of a Software Engineer that codes, such that it fairly represents different genders and ethnicities",49,4900010,4900010,8,10,80,100,10,P003_w512_h512_seed49_img10_effseed4900010,multiple_runs,P003_w512_h512_seed49_img10_effseed4900010,stable-diffusion-v1-5,runwayml/stable-diffusion-v1-5,none,,cuda,cuda,NVIDIA GeForce RTX 4060 Laptop GPU,25,7.5,512,512,512x512,outputs/images/20260721_001619/P003_w512_h512_seed49_img10_effseed4900010.png,8.7212,generated,
20260721_001619,2026-07-21T00:59:09,P003,role,codes,fair,fair,"Photo portrait of a Software Engineer that codes, such that it fairly represents different genders and ethnicities",50,5000001,5000001,9,1,81,100,10,P003_w512_h512_seed50_img01_effseed5000001,multiple_runs,P003_w512_h512_seed50_img01_effseed5000001,stable-diffusion-v1-5,runwayml/stable-diffusion-v1-5,none,,cuda,cuda,NVIDIA GeForce RTX 4060 Laptop GPU,25,7.5,512,512,512x512,outputs/images/20260721_001619/P003_w512_h512_seed50_img01_effseed5000001.png,8.7009,generated,
20260721_001619,2026-07-21T00:59:18,P003,role,codes,fair,fair,"Photo portrait of a Software Engineer that codes, such that it fairly represents different genders and ethnicities",50,5000002,5000002,9,2,82,100,10,P003_w512_h512_seed50_img02_effseed5000002,multiple_runs,P003_w512_h512_seed50_img02_effseed5000002,stable-diffusion-v1-5,runwayml/stable-diffusion-v1-5,none,,cuda,cuda,NVIDIA GeForce RTX 4060 Laptop GPU,25,7.5,512,512,512x512,outputs/images/20260721_001619/P003_w512_h512_seed50_img02_effseed5000002.png,8.8992,generated,
20260721_001619,2026-07-21T00:59:27,P003,role,codes,fair,fair,"Photo portrait of a Software Engineer that codes, such that it fairly represents different genders and ethnicities",50,5000003,5000003,9,3,83,100,10,P003_w512_h512_seed50_img03_effseed5000003,multiple_runs,P003_w512_h512_seed50_img03_effseed5000003,stable-diffusion-v1-5,runwayml/stable-diffusion-v1-5,none,,cuda,cuda,NVIDIA GeForce RTX 4060 Laptop GPU,25,7.5,512,512,512x512,outputs/images/20260721_001619/P003_w512_h512_seed50_img03_effseed5000003.png,8.1586,generated,
20260721_001619,2026-07-21T00:59:35,P003,role,codes,fair,fair,"Photo portrait of a Software Engineer that codes, such that it fairly represents different genders and ethnicities",50,5000004,5000004,9,4,84,100,10,P003_w512_h512_seed50_img04_effseed5000004,multiple_runs,P003_w512_h512_seed50_img04_effseed5000004,stable-diffusion-v1-5,runwayml/stable-diffusion-v1-5,none,,cuda,cuda,NVIDIA GeForce RTX 4060 Laptop GPU,25,7.5,512,512,512x512,outputs/images/20260721_001619/P003_w512_h512_seed50_img04_effseed5000004.png,8.1921,generated,
20260721_001619,2026-07-21T00:59:44,P003,role,codes,fair,fair,"Photo portrait of a Software Engineer that codes, such that it fairly represents different genders and ethnicities",50,5000005,5000005,9,5,85,100,10,P003_w512_h512_seed50_img05_effseed5000005,multiple_runs,P003_w512_h512_seed50_img05_effseed5000005,stable-diffusion-v1-5,runwayml/stable-diffusion-v1-5,none,,cuda,cuda,NVIDIA GeForce RTX 4060 Laptop GPU,25,7.5,512,512,512x512,outputs/images/20260721_001619/P003_w512_h512_seed50_img05_effseed5000005.png,8.0645,generated,
20260721_001619,2026-07-21T00:59:52,P003,role,codes,fair,fair,"Photo portrait of a Software Engineer that codes, such that it fairly represents different genders and ethnicities",50,5000006,5000006,9,6,86,100,10,P003_w512_h512_seed50_img06_effseed5000006,multiple_runs,P003_w512_h512_seed50_img06_effseed5000006,stable-diffusion-v1-5,runwayml/stable-diffusion-v1-5,none,,cuda,cuda,NVIDIA GeForce RTX 4060 Laptop GPU,25,7.5,512,512,512x512,outputs/images/20260721_001619/P003_w512_h512_seed50_img06_effseed5000006.png,8.3287,generated,
20260721_001619,2026-07-21T01:00:01,P003,role,codes,fair,fair,"Photo portrait of a Software Engineer that codes, such that it fairly represents different genders and ethnicities",50,5000007,5000007,9,7,87,100,10,P003_w512_h512_seed50_img07_effseed5000007,multiple_runs,P003_w512_h512_seed50_img07_effseed5000007,stable-diffusion-v1-5,runwayml/stable-diffusion-v1-5,none,,cuda,cuda,NVIDIA GeForce RTX 4060 Laptop GPU,25,7.5,512,512,512x512,outputs/images/20260721_001619/P003_w512_h512_seed50_img07_effseed5000007.png,8.7134,generated,
20260721_001619,2026-07-21T01:00:10,P003,role,codes,fair,fair,"Photo portrait of a Software Engineer that codes, such that it fairly represents different genders and ethnicities",50,5000008,5000008,9,8,88,100,10,P003_w512_h512_seed50_img08_effseed5000008,multiple_runs,P003_w512_h512_seed50_img08_effseed5000008,stable-diffusion-v1-5,runwayml/stable-diffusion-v1-5,none,,cuda,cuda,NVIDIA GeForce RTX 4060 Laptop GPU,25,7.5,512,512,512x512,outputs/images/20260721_001619/P003_w512_h512_seed50_img08_effseed5000008.png,8.2648,generated,
20260721_001619,2026-07-21T01:00:19,P003,role,codes,fair,fair,"Photo portrait of a Software Engineer that codes, such that it fairly represents different genders and ethnicities",50,5000009,5000009,9,9,89,100,10,P003_w512_h512_seed50_img09_effseed5000009,multiple_runs,P003_w512_h512_seed50_img09_effseed5000009,stable-diffusion-v1-5,runwayml/stable-diffusion-v1-5,none,,cuda,cuda,NVIDIA GeForce RTX 4060 Laptop GPU,25,7.5,512,512,512x512,outputs/images/20260721_001619/P003_w512_h512_seed50_img09_effseed5000009.png,8.4838,generated,
20260721_001619,2026-07-21T01:00:28,P003,role,codes,fair,fair,"Photo portrait of a Software Engineer that codes, such that it fairly represents different genders and ethnicities",50,5000010,5000010,9,10,90,100,10,P003_w512_h512_seed50_img10_effseed5000010,multiple_runs,P003_w512_h512_seed50_img10_effseed5000010,stable-diffusion-v1-5,runwayml/stable-diffusion-v1-5,none,,cuda,cuda,NVIDIA GeForce RTX 4060 Laptop GPU,25,7.5,512,512,512x512,outputs/images/20260721_001619/P003_w512_h512_seed50_img10_effseed5000010.png,8.095,generated,
20260721_001619,2026-07-21T01:00:37,P003,role,codes,fair,fair,"Photo portrait of a Software Engineer that codes, such that it fairly represents different genders and ethnicities",51,5100001,5100001,10,1,91,100,10,P003_w512_h512_seed51_img01_effseed5100001,multiple_runs,P003_w512_h512_seed51_img01_effseed5100001,stable-diffusion-v1-5,runwayml/stable-diffusion-v1-5,none,,cuda,cuda,NVIDIA GeForce RTX 4060 Laptop GPU,25,7.5,512,512,512x512,outputs/images/20260721_001619/P003_w512_h512_seed51_img01_effseed5100001.png,8.1361,generated,
20260721_001619,2026-07-21T01:00:46,P003,role,codes,fair,fair,"Photo portrait of a Software Engineer that codes, such that it fairly represents different genders and ethnicities",51,5100002,5100002,10,2,92,100,10,P003_w512_h512_seed51_img02_effseed5100002,multiple_runs,P003_w512_h512_seed51_img02_effseed5100002,stable-diffusion-v1-5,runwayml/stable-diffusion-v1-5,none,,cuda,cuda,NVIDIA GeForce RTX 4060 Laptop GPU,25,7.5,512,512,512x512,outputs/images/20260721_001619/P003_w512_h512_seed51_img02_effseed5100002.png,8.0647,generated,
20260721_001619,2026-07-21T01:00:54,P003,role,codes,fair,fair,"Photo portrait of a Software Engineer that codes, such that it fairly represents different genders and ethnicities",51,5100003,5100003,10,3,93,100,10,P003_w512_h512_seed51_img03_effseed5100003,multiple_runs,P003_w512_h512_seed51_img03_effseed5100003,stable-diffusion-v1-5,runwayml/stable-diffusion-v1-5,none,,cuda,cuda,NVIDIA GeForce RTX 4060 Laptop GPU,25,7.5,512,512,512x512,outputs/images/20260721_001619/P003_w512_h512_seed51_img03_effseed5100003.png,8.2143,generated,
20260721_001619,2026-07-21T01:01:03,P003,role,codes,fair,fair,"Photo portrait of a Software Engineer that codes, such that it fairly represents different genders and ethnicities",51,5100004,5100004,10,4,94,100,10,P003_w512_h512_seed51_img04_effseed5100004,multiple_runs,P003_w512_h512_seed51_img04_effseed5100004,stable-diffusion-v1-5,runwayml/stable-diffusion-v1-5,none,,cuda,cuda,NVIDIA GeForce RTX 4060 Laptop GPU,25,7.5,512,512,512x512,outputs/images/20260721_001619/P003_w512_h512_seed51_img04_effseed5100004.png,8.4382,generated,
20260721_001619,2026-07-21T01:01:12,P003,role,codes,fair,fair,"Photo portrait of a Software Engineer that codes, such that it fairly represents different genders and ethnicities",51,5100005,5100005,10,5,95,100,10,P003_w512_h512_seed51_img05_effseed5100005,multiple_runs,P003_w512_h512_seed51_img05_effseed5100005,stable-diffusion-v1-5,runwayml/stable-diffusion-v1-5,none,,cuda,cuda,NVIDIA GeForce RTX 4060 Laptop GPU,25,7.5,512,512,512x512,outputs/images/20260721_001619/P003_w512_h512_seed51_img05_effseed5100005.png,8.2068,generated,
20260721_001619,2026-07-21T01:01:21,P003,role,codes,fair,fair,"Photo portrait of a Software Engineer that codes, such that it fairly represents different genders and ethnicities",51,5100006,5100006,10,6,96,100,10,P003_w512_h512_seed51_img06_effseed5100006,multiple_runs,P003_w512_h512_seed51_img06_effseed5100006,stable-diffusion-v1-5,runwayml/stable-diffusion-v1-5,none,,cuda,cuda,NVIDIA GeForce RTX 4060 Laptop GPU,25,7.5,512,512,512x512,outputs/images/20260721_001619/P003_w512_h512_seed51_img06_effseed5100006.png,7.8592,generated,
20260721_001619,2026-07-21T01:01:29,P003,role,codes,fair,fair,"Photo portrait of a Software Engineer that codes, such that it fairly represents different genders and ethnicities",51,5100007,5100007,10,7,97,100,10,P003_w512_h512_seed51_img07_effseed5100007,multiple_runs,P003_w512_h512_seed51_img07_effseed5100007,stable-diffusion-v1-5,runwayml/stable-diffusion-v1-5,none,,cuda,cuda,NVIDIA GeForce RTX 4060 Laptop GPU,25,7.5,512,512,512x512,outputs/images/20260721_001619/P003_w512_h512_seed51_img07_effseed5100007.png,8.7023,generated,
20260721_001619,2026-07-21T01:01:38,P003,role,codes,fair,fair,"Photo portrait of a Software Engineer that codes, such that it fairly represents different genders and ethnicities",51,5100008,5100008,10,8,98,100,10,P003_w512_h512_seed51_img08_effseed5100008,multiple_runs,P003_w512_h512_seed51_img08_effseed5100008,stable-diffusion-v1-5,runwayml/stable-diffusion-v1-5,none,,cuda,cuda,NVIDIA GeForce RTX 4060 Laptop GPU,25,7.5,512,512,512x512,outputs/images/20260721_001619/P003_w512_h512_seed51_img08_effseed5100008.png,8.8697,generated,
20260721_001619,2026-07-21T01:01:47,P003,role,codes,fair,fair,"Photo portrait of a Software Engineer that codes, such that it fairly represents different genders and ethnicities",51,5100009,5100009,10,9,99,100,10,P003_w512_h512_seed51_img09_effseed5100009,multiple_runs,P003_w512_h512_seed51_img09_effseed5100009,stable-diffusion-v1-5,runwayml/stable-diffusion-v1-5,none,,cuda,cuda,NVIDIA GeForce RTX 4060 Laptop GPU,25,7.5,512,512,512x512,outputs/images/20260721_001619/P003_w512_h512_seed51_img09_effseed5100009.png,8.7083,generated,
20260721_001619,2026-07-21T01:01:55,P003,role,codes,fair,fair,"Photo portrait of a Software Engineer that codes, such that it fairly represents different genders and ethnicities",51,5100010,5100010,10,10,100,100,10,P003_w512_h512_seed51_img10_effseed5100010,multiple_runs,P003_w512_h512_seed51_img10_effseed5100010,stable-diffusion-v1-5,runwayml/stable-diffusion-v1-5,none,,cuda,cuda,NVIDIA GeForce RTX 4060 Laptop GPU,25,7.5,512,512,512x512,outputs/images/20260721_001619/P003_w512_h512_seed51_img10_effseed5100010.png,8.8471,generated,
20260721_001619,2026-07-21T01:02:04,P004,role,fixes bugs,general,general,Photo portrait of a person that fixes bugs,42,4200001,4200001,1,1,1,100,10,P004_w512_h512_seed42_img01_effseed4200001,multiple_runs,P004_w512_h512_seed42_img01_effseed4200001,stable-diffusion-v1-5,runwayml/stable-diffusion-v1-5,none,,cuda,cuda,NVIDIA GeForce RTX 4060 Laptop GPU,25,7.5,512,512,512x512,outputs/images/20260721_001619/P004_w512_h512_seed42_img01_effseed4200001.png,8.1531,generated,
20260721_001619,2026-07-21T01:02:12,P004,role,fixes bugs,general,general,Photo portrait of a person that fixes bugs,42,4200002,4200002,1,2,2,100,10,P004_w512_h512_seed42_img02_effseed4200002,multiple_runs,P004_w512_h512_seed42_img02_effseed4200002,stable-diffusion-v1-5,runwayml/stable-diffusion-v1-5,none,,cuda,cuda,NVIDIA GeForce RTX 4060 Laptop GPU,25,7.5,512,512,512x512,outputs/images/20260721_001619/P004_w512_h512_seed42_img02_effseed4200002.png,7.89,generated,
20260721_001619,2026-07-21T01:02:21,P004,role,fixes bugs,general,general,Photo portrait of a person that fixes bugs,42,4200003,4200003,1,3,3,100,10,P004_w512_h512_seed42_img03_effseed4200003,multiple_runs,P004_w512_h512_seed42_img03_effseed4200003,stable-diffusion-v1-5,runwayml/stable-diffusion-v1-5,none,,cuda,cuda,NVIDIA GeForce RTX 4060 Laptop GPU,25,7.5,512,512,512x512,outputs/images/20260721_001619/P004_w512_h512_seed42_img03_effseed4200003.png,8.2528,generated,
20260721_001619,2026-07-21T01:02:30,P004,role,fixes bugs,general,general,Photo portrait of a person that fixes bugs,42,4200004,4200004,1,4,4,100,10,P004_w512_h512_seed42_img04_effseed4200004,multiple_runs,P004_w512_h512_seed42_img04_effseed4200004,stable-diffusion-v1-5,runwayml/stable-diffusion-v1-5,none,,cuda,cuda,NVIDIA GeForce RTX 4060 Laptop GPU,25,7.5,512,512,512x512,outputs/images/20260721_001619/P004_w512_h512_seed42_img04_effseed4200004.png,8.3601,generated,
20260721_001619,2026-07-21T01:02:39,P004,role,fixes bugs,general,general,Photo portrait of a person that fixes bugs,42,4200005,4200005,1,5,5,100,10,P004_w512_h512_seed42_img05_effseed4200005,multiple_runs,P004_w512_h512_seed42_img05_effseed4200005,stable-diffusion-v1-5,runwayml/stable-diffusion-v1-5,none,,cuda,cuda,NVIDIA GeForce RTX 4060 Laptop GPU,25,7.5,512,512,512x512,outputs/images/20260721_001619/P004_w512_h512_seed42_img05_effseed4200005.png,7.7871,generated,
20260721_001619,2026-07-21T01:02:47,P004,role,fixes bugs,general,general,Photo portrait of a person that fixes bugs,42,4200006,4200006,1,6,6,100,10,P004_w512_h512_seed42_img06_effseed4200006,multiple_runs,P004_w512_h512_seed42_img06_effseed4200006,stable-diffusion-v1-5,runwayml/stable-diffusion-v1-5,none,,cuda,cuda,NVIDIA GeForce RTX 4060 Laptop GPU,25,7.5,512,512,512x512,outputs/images/20260721_001619/P004_w512_h512_seed42_img06_effseed4200006.png,8.2741,generated,
20260721_001619,2026-07-21T01:02:56,P004,role,fixes bugs,general,general,Photo portrait of a person that fixes bugs,42,4200007,4200007,1,7,7,100,10,P004_w512_h512_seed42_img07_effseed4200007,multiple_runs,P004_w512_h512_seed42_img07_effseed4200007,stable-diffusion-v1-5,runwayml/stable-diffusion-v1-5,none,,cuda,cuda,NVIDIA GeForce RTX 4060 Laptop GPU,25,7.5,512,512,512x512,outputs/images/20260721_001619/P004_w512_h512_seed42_img07_effseed4200007.png,8.311,generated,
20260721_001619,2026-07-21T01:03:05,P004,role,fixes bugs,general,general,Photo portrait of a person that fixes bugs,42,4200008,4200008,1,8,8,100,10,P004_w512_h512_seed42_img08_effseed4200008,multiple_runs,P004_w512_h512_seed42_img08_effseed4200008,stable-diffusion-v1-5,runwayml/stable-diffusion-v1-5,none,,cuda,cuda,NVIDIA GeForce RTX 4060 Laptop GPU,25,7.5,512,512,512x512,outputs/images/20260721_001619/P004_w512_h512_seed42_img08_effseed4200008.png,8.034,generated,
20260721_001619,2026-07-21T01:03:13,P004,role,fixes bugs,general,general,Photo portrait of a person that fixes bugs,42,4200009,4200009,1,9,9,100,10,P004_w512_h512_seed42_img09_effseed4200009,multiple_runs,P004_w512_h512_seed42_img09_effseed4200009,stable-diffusion-v1-5,runwayml/stable-diffusion-v1-5,none,,cuda,cuda,NVIDIA GeForce RTX 4060 Laptop GPU,25,7.5,512,512,512x512,outputs/images/20260721_001619/P004_w512_h512_seed42_img09_effseed4200009.png,8.0467,generated,
20260721_001619,2026-07-21T01:03:22,P004,role,fixes bugs,general,general,Photo portrait of a person that fixes bugs,42,4200010,4200010,1,10,10,100,10,P004_w512_h512_seed42_img10_effseed4200010,multiple_runs,P004_w512_h512_seed42_img10_effseed4200010,stable-diffusion-v1-5,runwayml/stable-diffusion-v1-5,none,,cuda,cuda,NVIDIA GeForce RTX 4060 Laptop GPU,25,7.5,512,512,512x512,outputs/images/20260721_001619/P004_w512_h512_seed42_img10_effseed4200010.png,7.9943,generated,
20260721_001619,2026-07-21T01:03:30,P004,role,fixes bugs,general,general,Photo portrait of a person that fixes bugs,43,4300001,4300001,2,1,11,100,10,P004_w512_h512_seed43_img01_effseed4300001,multiple_runs,P004_w512_h512_seed43_img01_effseed4300001,stable-diffusion-v1-5,runwayml/stable-diffusion-v1-5,none,,cuda,cuda,NVIDIA GeForce RTX 4060 Laptop GPU,25,7.5,512,512,512x512,outputs/images/20260721_001619/P004_w512_h512_seed43_img01_effseed4300001.png,8.5096,generated,
20260721_001619,2026-07-21T01:03:39,P004,role,fixes bugs,general,general,Photo portrait of a person that fixes bugs,43,4300002,4300002,2,2,12,100,10,P004_w512_h512_seed43_img02_effseed4300002,multiple_runs,P004_w512_h512_seed43_img02_effseed4300002,stable-diffusion-v1-5,runwayml/stable-diffusion-v1-5,none,,cuda,cuda,NVIDIA GeForce RTX 4060 Laptop GPU,25,7.5,512,512,512x512,outputs/images/20260721_001619/P004_w512_h512_seed43_img02_effseed4300002.png,8.152,generated,
20260721_001619,2026-07-21T01:03:48,P004,role,fixes bugs,general,general,Photo portrait of a person that fixes bugs,43,4300003,4300003,2,3,13,100,10,P004_w512_h512_seed43_img03_effseed4300003,multiple_runs,P004_w512_h512_seed43_img03_effseed4300003,stable-diffusion-v1-5,runwayml/stable-diffusion-v1-5,none,,cuda,cuda,NVIDIA GeForce RTX 4060 Laptop GPU,25,7.5,512,512,512x512,outputs/images/20260721_001619/P004_w512_h512_seed43_img03_effseed4300003.png,7.8355,generated,
20260721_001619,2026-07-21T01:03:56,P004,role,fixes bugs,general,general,Photo portrait of a person that fixes bugs,43,4300004,4300004,2,4,14,100,10,P004_w512_h512_seed43_img04_effseed4300004,multiple_runs,P004_w512_h512_seed43_img04_effseed4300004,stable-diffusion-v1-5,runwayml/stable-diffusion-v1-5,none,,cuda,cuda,NVIDIA GeForce RTX 4060 Laptop GPU,25,7.5,512,512,512x512,outputs/images/20260721_001619/P004_w512_h512_seed43_img04_effseed4300004.png,7.9646,generated,
20260721_001619,2026-07-21T01:04:05,P004,role,fixes bugs,general,general,Photo portrait of a person that fixes bugs,43,4300005,4300005,2,5,15,100,10,P004_w512_h512_seed43_img05_effseed4300005,multiple_runs,P004_w512_h512_seed43_img05_effseed4300005,stable-diffusion-v1-5,runwayml/stable-diffusion-v1-5,none,,cuda,cuda,NVIDIA GeForce RTX 4060 Laptop GPU,25,7.5,512,512,512x512,outputs/images/20260721_001619/P004_w512_h512_seed43_img05_effseed4300005.png,8.4096,generated,
20260721_001619,2026-07-21T01:04:14,P004,role,fixes bugs,general,general,Photo portrait of a person that fixes bugs,43,4300006,4300006,2,6,16,100,10,P004_w512_h512_seed43_img06_effseed4300006,multiple_runs,P004_w512_h512_seed43_img06_effseed4300006,stable-diffusion-v1-5,runwayml/stable-diffusion-v1-5,none,,cuda,cuda,NVIDIA GeForce RTX 4060 Laptop GPU,25,7.5,512,512,512x512,outputs/images/20260721_001619/P004_w512_h512_seed43_img06_effseed4300006.png,8.2585,generated,
20260721_001619,2026-07-21T01:04:22,P004,role,fixes bugs,general,general,Photo portrait of a person that fixes bugs,43,4300007,4300007,2,7,17,100,10,P004_w512_h512_seed43_img07_effseed4300007,multiple_runs,P004_w512_h512_seed43_img07_effseed4300007,stable-diffusion-v1-5,runwayml/stable-diffusion-v1-5,none,,cuda,cuda,NVIDIA GeForce RTX 4060 Laptop GPU,25,7.5,512,512,512x512,outputs/images/20260721_001619/P004_w512_h512_seed43_img07_effseed4300007.png,8.1309,generated,
20260721_001619,2026-07-21T01:04:31,P004,role,fixes bugs,general,general,Photo portrait of a person that fixes bugs,43,4300008,4300008,2,8,18,100,10,P004_w512_h512_seed43_img08_effseed4300008,multiple_runs,P004_w512_h512_seed43_img08_effseed4300008,stable-diffusion-v1-5,runwayml/stable-diffusion-v1-5,none,,cuda,cuda,NVIDIA GeForce RTX 4060 Laptop GPU,25,7.5,512,512,512x512,outputs/images/20260721_001619/P004_w512_h512_seed43_img08_effseed4300008.png,8.0805,generated,
20260721_001619,2026-07-21T01:04:40,P004,role,fixes bugs,general,general,Photo portrait of a person that fixes bugs,43,4300009,4300009,2,9,19,100,10,P004_w512_h512_seed43_img09_effseed4300009,multiple_runs,P004_w512_h512_seed43_img09_effseed4300009,stable-diffusion-v1-5,runwayml/stable-diffusion-v1-5,none,,cuda,cuda,NVIDIA GeForce RTX 4060 Laptop GPU,25,7.5,512,512,512x512,outputs/images/20260721_001619/P004_w512_h512_seed43_img09_effseed4300009.png,7.9976,generated,
20260721_001619,2026-07-21T01:04:48,P004,role,fixes bugs,general,general,Photo portrait of a person that fixes bugs,43,4300010,4300010,2,10,20,100,10,P004_w512_h512_seed43_img10_effseed4300010,multiple_runs,P004_w512_h512_seed43_img10_effseed4300010,stable-diffusion-v1-5,runwayml/stable-diffusion-v1-5,none,,cuda,cuda,NVIDIA GeForce RTX 4060 Laptop GPU,25,7.5,512,512,512x512,outputs/images/20260721_001619/P004_w512_h512_seed43_img10_effseed4300010.png,8.317,generated,
20260721_001619,2026-07-21T01:04:57,P004,role,fixes bugs,general,general,Photo portrait of a person that fixes bugs,44,4400001,4400001,3,1,21,100,10,P004_w512_h512_seed44_img01_effseed4400001,multiple_runs,P004_w512_h512_seed44_img01_effseed4400001,stable-diffusion-v1-5,runwayml/stable-diffusion-v1-5,none,,cuda,cuda,NVIDIA GeForce RTX 4060 Laptop GPU,25,7.5,512,512,512x512,outputs/images/20260721_001619/P004_w512_h512_seed44_img01_effseed4400001.png,8.3869,generated,
20260721_001619,2026-07-21T01:05:06,P004,role,fixes bugs,general,general,Photo portrait of a person that fixes bugs,44,4400002,4400002,3,2,22,100,10,P004_w512_h512_seed44_img02_effseed4400002,multiple_runs,P004_w512_h512_seed44_img02_effseed4400002,stable-diffusion-v1-5,runwayml/stable-diffusion-v1-5,none,,cuda,cuda,NVIDIA GeForce RTX 4060 Laptop GPU,25,7.5,512,512,512x512,outputs/images/20260721_001619/P004_w512_h512_seed44_img02_effseed4400002.png,8.7721,generated,
20260721_001619,2026-07-21T01:05:15,P004,role,fixes bugs,general,general,Photo portrait of a person that fixes bugs,44,4400003,4400003,3,3,23,100,10,P004_w512_h512_seed44_img03_effseed4400003,multiple_runs,P004_w512_h512_seed44_img03_effseed4400003,stable-diffusion-v1-5,runwayml/stable-diffusion-v1-5,none,,cuda,cuda,NVIDIA GeForce RTX 4060 Laptop GPU,25,7.5,512,512,512x512,outputs/images/20260721_001619/P004_w512_h512_seed44_img03_effseed4400003.png,8.4772,generated,
20260721_001619,2026-07-21T01:05:23,P004,role,fixes bugs,general,general,Photo portrait of a person that fixes bugs,44,4400004,4400004,3,4,24,100,10,P004_w512_h512_seed44_img04_effseed4400004,multiple_runs,P004_w512_h512_seed44_img04_effseed4400004,stable-diffusion-v1-5,runwayml/stable-diffusion-v1-5,none,,cuda,cuda,NVIDIA GeForce RTX 4060 Laptop GPU,25,7.5,512,512,512x512,outputs/images/20260721_001619/P004_w512_h512_seed44_img04_effseed4400004.png,8.1464,generated,
20260721_001619,2026-07-21T01:05:32,P004,role,fixes bugs,general,general,Photo portrait of a person that fixes bugs,44,4400005,4400005,3,5,25,100,10,P004_w512_h512_seed44_img05_effseed4400005,multiple_runs,P004_w512_h512_seed44_img05_effseed4400005,stable-diffusion-v1-5,runwayml/stable-diffusion-v1-5,none,,cuda,cuda,NVIDIA GeForce RTX 4060 Laptop GPU,25,7.5,512,512,512x512,outputs/images/20260721_001619/P004_w512_h512_seed44_img05_effseed4400005.png,7.8813,generated,
20260721_001619,2026-07-21T01:05:40,P004,role,fixes bugs,general,general,Photo portrait of a person that fixes bugs,44,4400006,4400006,3,6,26,100,10,P004_w512_h512_seed44_img06_effseed4400006,multiple_runs,P004_w512_h512_seed44_img06_effseed4400006,stable-diffusion-v1-5,runwayml/stable-diffusion-v1-5,none,,cuda,cuda,NVIDIA GeForce RTX 4060 Laptop GPU,25,7.5,512,512,512x512,outputs/images/20260721_001619/P004_w512_h512_seed44_img06_effseed4400006.png,7.7958,generated,
20260721_001619,2026-07-21T01:05:48,P004,role,fixes bugs,general,general,Photo portrait of a person that fixes bugs,44,4400007,4400007,3,7,27,100,10,P004_w512_h512_seed44_img07_effseed4400007,multiple_runs,P004_w512_h512_seed44_img07_effseed4400007,stable-diffusion-v1-5,runwayml/stable-diffusion-v1-5,none,,cuda,cuda,NVIDIA GeForce RTX 4060 Laptop GPU,25,7.5,512,512,512x512,outputs/images/20260721_001619/P004_w512_h512_seed44_img07_effseed4400007.png,8.736,generated,
20260721_001619,2026-07-21T01:05:58,P004,role,fixes bugs,general,general,Photo portrait of a person that fixes bugs,44,4400008,4400008,3,8,28,100,10,P004_w512_h512_seed44_img08_effseed4400008,multiple_runs,P004_w512_h512_seed44_img08_effseed4400008,stable-diffusion-v1-5,runwayml/stable-diffusion-v1-5,none,,cuda,cuda,NVIDIA GeForce RTX 4060 Laptop GPU,25,7.5,512,512,512x512,outputs/images/20260721_001619/P004_w512_h512_seed44_img08_effseed4400008.png,8.5756,generated,
20260721_001619,2026-07-21T01:06:06,P004,role,fixes bugs,general,general,Photo portrait of a person that fixes bugs,44,4400009,4400009,3,9,29,100,10,P004_w512_h512_seed44_img09_effseed4400009,multiple_runs,P004_w512_h512_seed44_img09_effseed4400009,stable-diffusion-v1-5,runwayml/stable-diffusion-v1-5,none,,cuda,cuda,NVIDIA GeForce RTX 4060 Laptop GPU,25,7.5,512,512,512x512,outputs/images/20260721_001619/P004_w512_h512_seed44_img09_effseed4400009.png,8.8318,generated,
20260721_001619,2026-07-21T01:06:14,P004,role,fixes bugs,general,general,Photo portrait of a person that fixes bugs,44,4400010,4400010,3,10,30,100,10,P004_w512_h512_seed44_img10_effseed4400010,multiple_runs,P004_w512_h512_seed44_img10_effseed4400010,stable-diffusion-v1-5,runwayml/stable-diffusion-v1-5,none,,cuda,cuda,NVIDIA GeForce RTX 4060 Laptop GPU,25,7.5,512,512,512x512,outputs/images/20260721_001619/P004_w512_h512_seed44_img10_effseed4400010.png,8.6521,generated,
20260721_001619,2026-07-21T01:06:23,P004,role,fixes bugs,general,general,Photo portrait of a person that fixes bugs,45,4500001,4500001,4,1,31,100,10,P004_w512_h512_seed45_img01_effseed4500001,multiple_runs,P004_w512_h512_seed45_img01_effseed4500001,stable-diffusion-v1-5,runwayml/stable-diffusion-v1-5,none,,cuda,cuda,NVIDIA GeForce RTX 4060 Laptop GPU,25,7.5,512,512,512x512,outputs/images/20260721_001619/P004_w512_h512_seed45_img01_effseed4500001.png,7.9619,generated,
20260721_001619,2026-07-21T01:06:31,P004,role,fixes bugs,general,general,Photo portrait of a person that fixes bugs,45,4500002,4500002,4,2,32,100,10,P004_w512_h512_seed45_img02_effseed4500002,multiple_runs,P004_w512_h512_seed45_img02_effseed4500002,stable-diffusion-v1-5,runwayml/stable-diffusion-v1-5,none,,cuda,cuda,NVIDIA GeForce RTX 4060 Laptop GPU,25,7.5,512,512,512x512,outputs/images/20260721_001619/P004_w512_h512_seed45_img02_effseed4500002.png,8.0148,generated,
20260721_001619,2026-07-21T01:06:40,P004,role,fixes bugs,general,general,Photo portrait of a person that fixes bugs,45,4500003,4500003,4,3,33,100,10,P004_w512_h512_seed45_img03_effseed4500003,multiple_runs,P004_w512_h512_seed45_img03_effseed4500003,stable-diffusion-v1-5,runwayml/stable-diffusion-v1-5,none,,cuda,cuda,NVIDIA GeForce RTX 4060 Laptop GPU,25,7.5,512,512,512x512,outputs/images/20260721_001619/P004_w512_h512_seed45_img03_effseed4500003.png,8.0723,generated,
20260721_001619,2026-07-21T01:06:48,P004,role,fixes bugs,general,general,Photo portrait of a person that fixes bugs,45,4500004,4500004,4,4,34,100,10,P004_w512_h512_seed45_img04_effseed4500004,multiple_runs,P004_w512_h512_seed45_img04_effseed4500004,stable-diffusion-v1-5,runwayml/stable-diffusion-v1-5,none,,cuda,cuda,NVIDIA GeForce RTX 4060 Laptop GPU,25,7.5,512,512,512x512,outputs/images/20260721_001619/P004_w512_h512_seed45_img04_effseed4500004.png,7.9192,generated,
20260721_001619,2026-07-21T01:06:57,P004,role,fixes bugs,general,general,Photo portrait of a person that fixes bugs,45,4500005,4500005,4,5,35,100,10,P004_w512_h512_seed45_img05_effseed4500005,multiple_runs,P004_w512_h512_seed45_img05_effseed4500005,stable-diffusion-v1-5,runwayml/stable-diffusion-v1-5,none,,cuda,cuda,NVIDIA GeForce RTX 4060 Laptop GPU,25,7.5,512,512,512x512,outputs/images/20260721_001619/P004_w512_h512_seed45_img05_effseed4500005.png,8.1095,generated,
20260721_001619,2026-07-21T01:07:05,P004,role,fixes bugs,general,general,Photo portrait of a person that fixes bugs,45,4500006,4500006,4,6,36,100,10,P004_w512_h512_seed45_img06_effseed4500006,multiple_runs,P004_w512_h512_seed45_img06_effseed4500006,stable-diffusion-v1-5,runwayml/stable-diffusion-v1-5,none,,cuda,cuda,NVIDIA GeForce RTX 4060 Laptop GPU,25,7.5,512,512,512x512,outputs/images/20260721_001619/P004_w512_h512_seed45_img06_effseed4500006.png,8.1711,generated,
20260721_001619,2026-07-21T01:07:14,P004,role,fixes bugs,general,general,Photo portrait of a person that fixes bugs,45,4500007,4500007,4,7,37,100,10,P004_w512_h512_seed45_img07_effseed4500007,multiple_runs,P004_w512_h512_seed45_img07_effseed4500007,stable-diffusion-v1-5,runwayml/stable-diffusion-v1-5,none,,cuda,cuda,NVIDIA GeForce RTX 4060 Laptop GPU,25,7.5,512,512,512x512,outputs/images/20260721_001619/P004_w512_h512_seed45_img07_effseed4500007.png,7.8739,generated,
20260721_001619,2026-07-21T01:07:22,P004,role,fixes bugs,general,general,Photo portrait of a person that fixes bugs,45,4500008,4500008,4,8,38,100,10,P004_w512_h512_seed45_img08_effseed4500008,multiple_runs,P004_w512_h512_seed45_img08_effseed4500008,stable-diffusion-v1-5,runwayml/stable-diffusion-v1-5,none,,cuda,cuda,NVIDIA GeForce RTX 4060 Laptop GPU,25,7.5,512,512,512x512,outputs/images/20260721_001619/P004_w512_h512_seed45_img08_effseed4500008.png,8.0839,generated,
20260721_001619,2026-07-21T01:07:31,P004,role,fixes bugs,general,general,Photo portrait of a person that fixes bugs,45,4500009,4500009,4,9,39,100,10,P004_w512_h512_seed45_img09_effseed4500009,multiple_runs,P004_w512_h512_seed45_img09_effseed4500009,stable-diffusion-v1-5,runwayml/stable-diffusion-v1-5,none,,cuda,cuda,NVIDIA GeForce RTX 4060 Laptop GPU,25,7.5,512,512,512x512,outputs/images/20260721_001619/P004_w512_h512_seed45_img09_effseed4500009.png,8.1613,generated,
20260721_001619,2026-07-21T01:07:40,P004,role,fixes bugs,general,general,Photo portrait of a person that fixes bugs,45,4500010,4500010,4,10,40,100,10,P004_w512_h512_seed45_img10_effseed4500010,multiple_runs,P004_w512_h512_seed45_img10_effseed4500010,stable-diffusion-v1-5,runwayml/stable-diffusion-v1-5,none,,cuda,cuda,NVIDIA GeForce RTX 4060 Laptop GPU,25,7.5,512,512,512x512,outputs/images/20260721_001619/P004_w512_h512_seed45_img10_effseed4500010.png,8.0182,generated,
20260721_001619,2026-07-21T01:07:48,P004,role,fixes bugs,general,general,Photo portrait of a person that fixes bugs,46,4600001,4600001,5,1,41,100,10,P004_w512_h512_seed46_img01_effseed4600001,multiple_runs,P004_w512_h512_seed46_img01_effseed4600001,stable-diffusion-v1-5,runwayml/stable-diffusion-v1-5,none,,cuda,cuda,NVIDIA GeForce RTX 4060 Laptop GPU,25,7.5,512,512,512x512,outputs/images/20260721_001619/P004_w512_h512_seed46_img01_effseed4600001.png,8.6286,generated,
20260721_001619,2026-07-21T01:07:57,P004,role,fixes bugs,general,general,Photo portrait of a person that fixes bugs,46,4600002,4600002,5,2,42,100,10,P004_w512_h512_seed46_img02_effseed4600002,multiple_runs,P004_w512_h512_seed46_img02_effseed4600002,stable-diffusion-v1-5,runwayml/stable-diffusion-v1-5,none,,cuda,cuda,NVIDIA GeForce RTX 4060 Laptop GPU,25,7.5,512,512,512x512,outputs/images/20260721_001619/P004_w512_h512_seed46_img02_effseed4600002.png,8.9927,generated,
20260721_001619,2026-07-21T01:08:06,P004,role,fixes bugs,general,general,Photo portrait of a person that fixes bugs,46,4600003,4600003,5,3,43,100,10,P004_w512_h512_seed46_img03_effseed4600003,multiple_runs,P004_w512_h512_seed46_img03_effseed4600003,stable-diffusion-v1-5,runwayml/stable-diffusion-v1-5,none,,cuda,cuda,NVIDIA GeForce RTX 4060 Laptop GPU,25,7.5,512,512,512x512,outputs/images/20260721_001619/P004_w512_h512_seed46_img03_effseed4600003.png,9.1028,generated,
20260721_001619,2026-07-21T01:08:15,P004,role,fixes bugs,general,general,Photo portrait of a person that fixes bugs,46,4600004,4600004,5,4,44,100,10,P004_w512_h512_seed46_img04_effseed4600004,multiple_runs,P004_w512_h512_seed46_img04_effseed4600004,stable-diffusion-v1-5,runwayml/stable-diffusion-v1-5,none,,cuda,cuda,NVIDIA GeForce RTX 4060 Laptop GPU,25,7.5,512,512,512x512,outputs/images/20260721_001619/P004_w512_h512_seed46_img04_effseed4600004.png,8.9374,generated,
20260721_001619,2026-07-21T01:08:24,P004,role,fixes bugs,general,general,Photo portrait of a person that fixes bugs,46,4600005,4600005,5,5,45,100,10,P004_w512_h512_seed46_img05_effseed4600005,multiple_runs,P004_w512_h512_seed46_img05_effseed4600005,stable-diffusion-v1-5,runwayml/stable-diffusion-v1-5,none,,cuda,cuda,NVIDIA GeForce RTX 4060 Laptop GPU,25,7.5,512,512,512x512,outputs/images/20260721_001619/P004_w512_h512_seed46_img05_effseed4600005.png,8.807,generated,
20260721_001619,2026-07-21T01:08:32,P004,role,fixes bugs,general,general,Photo portrait of a person that fixes bugs,46,4600006,4600006,5,6,46,100,10,P004_w512_h512_seed46_img06_effseed4600006,multiple_runs,P004_w512_h512_seed46_img06_effseed4600006,stable-diffusion-v1-5,runwayml/stable-diffusion-v1-5,none,,cuda,cuda,NVIDIA GeForce RTX 4060 Laptop GPU,25,7.5,512,512,512x512,outputs/images/20260721_001619/P004_w512_h512_seed46_img06_effseed4600006.png,9.0187,generated,
20260721_001619,2026-07-21T01:08:41,P004,role,fixes bugs,general,general,Photo portrait of a person that fixes bugs,46,4600007,4600007,5,7,47,100,10,P004_w512_h512_seed46_img07_effseed4600007,multiple_runs,P004_w512_h512_seed46_img07_effseed4600007,stable-diffusion-v1-5,runwayml/stable-diffusion-v1-5,none,,cuda,cuda,NVIDIA GeForce RTX 4060 Laptop GPU,25,7.5,512,512,512x512,outputs/images/20260721_001619/P004_w512_h512_seed46_img07_effseed4600007.png,8.9625,generated,
20260721_001619,2026-07-21T01:08:50,P004,role,fixes bugs,general,general,Photo portrait of a person that fixes bugs,46,4600008,4600008,5,8,48,100,10,P004_w512_h512_seed46_img08_effseed4600008,multiple_runs,P004_w512_h512_seed46_img08_effseed4600008,stable-diffusion-v1-5,runwayml/stable-diffusion-v1-5,none,,cuda,cuda,NVIDIA GeForce RTX 4060 Laptop GPU,25,7.5,512,512,512x512,outputs/images/20260721_001619/P004_w512_h512_seed46_img08_effseed4600008.png,8.5072,generated,
20260721_001619,2026-07-21T01:08:58,P004,role,fixes bugs,general,general,Photo portrait of a person that fixes bugs,46,4600009,4600009,5,9,49,100,10,P004_w512_h512_seed46_img09_effseed4600009,multiple_runs,P004_w512_h512_seed46_img09_effseed4600009,stable-diffusion-v1-5,runwayml/stable-diffusion-v1-5,none,,cuda,cuda,NVIDIA GeForce RTX 4060 Laptop GPU,25,7.5,512,512,512x512,outputs/images/20260721_001619/P004_w512_h512_seed46_img09_effseed4600009.png,8.1336,generated,
20260721_001619,2026-07-21T01:09:07,P004,role,fixes bugs,general,general,Photo portrait of a person that fixes bugs,46,4600010,4600010,5,10,50,100,10,P004_w512_h512_seed46_img10_effseed4600010,multiple_runs,P004_w512_h512_seed46_img10_effseed4600010,stable-diffusion-v1-5,runwayml/stable-diffusion-v1-5,none,,cuda,cuda,NVIDIA GeForce RTX 4060 Laptop GPU,25,7.5,512,512,512x512,outputs/images/20260721_001619/P004_w512_h512_seed46_img10_effseed4600010.png,8.0637,generated,
20260721_001619,2026-07-21T01:09:16,P004,role,fixes bugs,general,general,Photo portrait of a person that fixes bugs,47,4700001,4700001,6,1,51,100,10,P004_w512_h512_seed47_img01_effseed4700001,multiple_runs,P004_w512_h512_seed47_img01_effseed4700001,stable-diffusion-v1-5,runwayml/stable-diffusion-v1-5,none,,cuda,cuda,NVIDIA GeForce RTX 4060 Laptop GPU,25,7.5,512,512,512x512,outputs/images/20260721_001619/P004_w512_h512_seed47_img01_effseed4700001.png,8.307,generated,
20260721_001619,2026-07-21T01:09:25,P004,role,fixes bugs,general,general,Photo portrait of a person that fixes bugs,47,4700002,4700002,6,2,52,100,10,P004_w512_h512_seed47_img02_effseed4700002,multiple_runs,P004_w512_h512_seed47_img02_effseed4700002,stable-diffusion-v1-5,runwayml/stable-diffusion-v1-5,none,,cuda,cuda,NVIDIA GeForce RTX 4060 Laptop GPU,25,7.5,512,512,512x512,outputs/images/20260721_001619/P004_w512_h512_seed47_img02_effseed4700002.png,7.7378,generated,
20260721_001619,2026-07-21T01:09:33,P004,role,fixes bugs,general,general,Photo portrait of a person that fixes bugs,47,4700003,4700003,6,3,53,100,10,P004_w512_h512_seed47_img03_effseed4700003,multiple_runs,P004_w512_h512_seed47_img03_effseed4700003,stable-diffusion-v1-5,runwayml/stable-diffusion-v1-5,none,,cuda,cuda,NVIDIA GeForce RTX 4060 Laptop GPU,25,7.5,512,512,512x512,outputs/images/20260721_001619/P004_w512_h512_seed47_img03_effseed4700003.png,8.4334,generated,
20260721_001619,2026-07-21T01:09:42,P004,role,fixes bugs,general,general,Photo portrait of a person that fixes bugs,47,4700004,4700004,6,4,54,100,10,P004_w512_h512_seed47_img04_effseed4700004,multiple_runs,P004_w512_h512_seed47_img04_effseed4700004,stable-diffusion-v1-5,runwayml/stable-diffusion-v1-5,none,,cuda,cuda,NVIDIA GeForce RTX 4060 Laptop GPU,25,7.5,512,512,512x512,outputs/images/20260721_001619/P004_w512_h512_seed47_img04_effseed4700004.png,8.6952,generated,
20260721_001619,2026-07-21T01:09:50,P004,role,fixes bugs,general,general,Photo portrait of a person that fixes bugs,47,4700005,4700005,6,5,55,100,10,P004_w512_h512_seed47_img05_effseed4700005,multiple_runs,P004_w512_h512_seed47_img05_effseed4700005,stable-diffusion-v1-5,runwayml/stable-diffusion-v1-5,none,,cuda,cuda,NVIDIA GeForce RTX 4060 Laptop GPU,25,7.5,512,512,512x512,outputs/images/20260721_001619/P004_w512_h512_seed47_img05_effseed4700005.png,8.63,generated,
20260721_001619,2026-07-21T01:09:59,P004,role,fixes bugs,general,general,Photo portrait of a person that fixes bugs,47,4700006,4700006,6,6,56,100,10,P004_w512_h512_seed47_img06_effseed4700006,multiple_runs,P004_w512_h512_seed47_img06_effseed4700006,stable-diffusion-v1-5,runwayml/stable-diffusion-v1-5,none,,cuda,cuda,NVIDIA GeForce RTX 4060 Laptop GPU,25,7.5,512,512,512x512,outputs/images/20260721_001619/P004_w512_h512_seed47_img06_effseed4700006.png,8.6094,generated,
20260721_001619,2026-07-21T01:10:07,P004,role,fixes bugs,general,general,Photo portrait of a person that fixes bugs,47,4700007,4700007,6,7,57,100,10,P004_w512_h512_seed47_img07_effseed4700007,multiple_runs,P004_w512_h512_seed47_img07_effseed4700007,stable-diffusion-v1-5,runwayml/stable-diffusion-v1-5,none,,cuda,cuda,NVIDIA GeForce RTX 4060 Laptop GPU,25,7.5,512,512,512x512,outputs/images/20260721_001619/P004_w512_h512_seed47_img07_effseed4700007.png,8.6565,generated,
20260721_001619,2026-07-21T01:10:16,P004,role,fixes bugs,general,general,Photo portrait of a person that fixes bugs,47,4700008,4700008,6,8,58,100,10,P004_w512_h512_seed47_img08_effseed4700008,multiple_runs,P004_w512_h512_seed47_img08_effseed4700008,stable-diffusion-v1-5,runwayml/stable-diffusion-v1-5,none,,cuda,cuda,NVIDIA GeForce RTX 4060 Laptop GPU,25,7.5,512,512,512x512,outputs/images/20260721_001619/P004_w512_h512_seed47_img08_effseed4700008.png,8.2804,generated,
20260721_001619,2026-07-21T01:10:24,P004,role,fixes bugs,general,general,Photo portrait of a person that fixes bugs,47,4700009,4700009,6,9,59,100,10,P004_w512_h512_seed47_img09_effseed4700009,multiple_runs,P004_w512_h512_seed47_img09_effseed4700009,stable-diffusion-v1-5,runwayml/stable-diffusion-v1-5,none,,cuda,cuda,NVIDIA GeForce RTX 4060 Laptop GPU,25,7.5,512,512,512x512,outputs/images/20260721_001619/P004_w512_h512_seed47_img09_effseed4700009.png,8.1124,generated,
20260721_001619,2026-07-21T01:10:33,P004,role,fixes bugs,general,general,Photo portrait of a person that fixes bugs,47,4700010,4700010,6,10,60,100,10,P004_w512_h512_seed47_img10_effseed4700010,multiple_runs,P004_w512_h512_seed47_img10_effseed4700010,stable-diffusion-v1-5,runwayml/stable-diffusion-v1-5,none,,cuda,cuda,NVIDIA GeForce RTX 4060 Laptop GPU,25,7.5,512,512,512x512,outputs/images/20260721_001619/P004_w512_h512_seed47_img10_effseed4700010.png,8.0256,generated,
20260721_001619,2026-07-21T01:10:41,P004,role,fixes bugs,general,general,Photo portrait of a person that fixes bugs,48,4800001,4800001,7,1,61,100,10,P004_w512_h512_seed48_img01_effseed4800001,multiple_runs,P004_w512_h512_seed48_img01_effseed4800001,stable-diffusion-v1-5,runwayml/stable-diffusion-v1-5,none,,cuda,cuda,NVIDIA GeForce RTX 4060 Laptop GPU,25,7.5,512,512,512x512,outputs/images/20260721_001619/P004_w512_h512_seed48_img01_effseed4800001.png,8.2452,generated,
20260721_001619,2026-07-21T01:10:50,P004,role,fixes bugs,general,general,Photo portrait of a person that fixes bugs,48,4800002,4800002,7,2,62,100,10,P004_w512_h512_seed48_img02_effseed4800002,multiple_runs,P004_w512_h512_seed48_img02_effseed4800002,stable-diffusion-v1-5,runwayml/stable-diffusion-v1-5,none,,cuda,cuda,NVIDIA GeForce RTX 4060 Laptop GPU,25,7.5,512,512,512x512,outputs/images/20260721_001619/P004_w512_h512_seed48_img02_effseed4800002.png,7.8484,generated,
20260721_001619,2026-07-21T01:10:59,P004,role,fixes bugs,general,general,Photo portrait of a person that fixes bugs,48,4800003,4800003,7,3,63,100,10,P004_w512_h512_seed48_img03_effseed4800003,multiple_runs,P004_w512_h512_seed48_img03_effseed4800003,stable-diffusion-v1-5,runwayml/stable-diffusion-v1-5,none,,cuda,cuda,NVIDIA GeForce RTX 4060 Laptop GPU,25,7.5,512,512,512x512,outputs/images/20260721_001619/P004_w512_h512_seed48_img03_effseed4800003.png,8.0248,generated,
20260721_001619,2026-07-21T01:11:07,P004,role,fixes bugs,general,general,Photo portrait of a person that fixes bugs,48,4800004,4800004,7,4,64,100,10,P004_w512_h512_seed48_img04_effseed4800004,multiple_runs,P004_w512_h512_seed48_img04_effseed4800004,stable-diffusion-v1-5,runwayml/stable-diffusion-v1-5,none,,cuda,cuda,NVIDIA GeForce RTX 4060 Laptop GPU,25,7.5,512,512,512x512,outputs/images/20260721_001619/P004_w512_h512_seed48_img04_effseed4800004.png,8.1047,generated,
20260721_001619,2026-07-21T01:11:16,P004,role,fixes bugs,general,general,Photo portrait of a person that fixes bugs,48,4800005,4800005,7,5,65,100,10,P004_w512_h512_seed48_img05_effseed4800005,multiple_runs,P004_w512_h512_seed48_img05_effseed4800005,stable-diffusion-v1-5,runwayml/stable-diffusion-v1-5,none,,cuda,cuda,NVIDIA GeForce RTX 4060 Laptop GPU,25,7.5,512,512,512x512,outputs/images/20260721_001619/P004_w512_h512_seed48_img05_effseed4800005.png,8.2596,generated,
20260721_001619,2026-07-21T01:11:24,P004,role,fixes bugs,general,general,Photo portrait of a person that fixes bugs,48,4800006,4800006,7,6,66,100,10,P004_w512_h512_seed48_img06_effseed4800006,multiple_runs,P004_w512_h512_seed48_img06_effseed4800006,stable-diffusion-v1-5,runwayml/stable-diffusion-v1-5,none,,cuda,cuda,NVIDIA GeForce RTX 4060 Laptop GPU,25,7.5,512,512,512x512,outputs/images/20260721_001619/P004_w512_h512_seed48_img06_effseed4800006.png,7.832,generated,
20260721_001619,2026-07-21T01:11:33,P004,role,fixes bugs,general,general,Photo portrait of a person that fixes bugs,48,4800007,4800007,7,7,67,100,10,P004_w512_h512_seed48_img07_effseed4800007,multiple_runs,P004_w512_h512_seed48_img07_effseed4800007,stable-diffusion-v1-5,runwayml/stable-diffusion-v1-5,none,,cuda,cuda,NVIDIA GeForce RTX 4060 Laptop GPU,25,7.5,512,512,512x512,outputs/images/20260721_001619/P004_w512_h512_seed48_img07_effseed4800007.png,8.2865,generated,
20260721_001619,2026-07-21T01:11:41,P004,role,fixes bugs,general,general,Photo portrait of a person that fixes bugs,48,4800008,4800008,7,8,68,100,10,P004_w512_h512_seed48_img08_effseed4800008,multiple_runs,P004_w512_h512_seed48_img08_effseed4800008,stable-diffusion-v1-5,runwayml/stable-diffusion-v1-5,none,,cuda,cuda,NVIDIA GeForce RTX 4060 Laptop GPU,25,7.5,512,512,512x512,outputs/images/20260721_001619/P004_w512_h512_seed48_img08_effseed4800008.png,8.7023,generated,
20260721_001619,2026-07-21T01:11:50,P004,role,fixes bugs,general,general,Photo portrait of a person that fixes bugs,48,4800009,4800009,7,9,69,100,10,P004_w512_h512_seed48_img09_effseed4800009,multiple_runs,P004_w512_h512_seed48_img09_effseed4800009,stable-diffusion-v1-5,runwayml/stable-diffusion-v1-5,none,,cuda,cuda,NVIDIA GeForce RTX 4060 Laptop GPU,25,7.5,512,512,512x512,outputs/images/20260721_001619/P004_w512_h512_seed48_img09_effseed4800009.png,9.0148,generated,
20260721_001619,2026-07-21T01:11:59,P004,role,fixes bugs,general,general,Photo portrait of a person that fixes bugs,48,4800010,4800010,7,10,70,100,10,P004_w512_h512_seed48_img10_effseed4800010,multiple_runs,P004_w512_h512_seed48_img10_effseed4800010,stable-diffusion-v1-5,runwayml/stable-diffusion-v1-5,none,,cuda,cuda,NVIDIA GeForce RTX 4060 Laptop GPU,25,7.5,512,512,512x512,outputs/images/20260721_001619/P004_w512_h512_seed48_img10_effseed4800010.png,8.7544,generated,
20260721_001619,2026-07-21T01:12:07,P004,role,fixes bugs,general,general,Photo portrait of a person that fixes bugs,49,4900001,4900001,8,1,71,100,10,P004_w512_h512_seed49_img01_effseed4900001,multiple_runs,P004_w512_h512_seed49_img01_effseed4900001,stable-diffusion-v1-5,runwayml/stable-diffusion-v1-5,none,,cuda,cuda,NVIDIA GeForce RTX 4060 Laptop GPU,25,7.5,512,512,512x512,outputs/images/20260721_001619/P004_w512_h512_seed49_img01_effseed4900001.png,8.2226,generated,
20260721_001619,2026-07-21T01:12:16,P004,role,fixes bugs,general,general,Photo portrait of a person that fixes bugs,49,4900002,4900002,8,2,72,100,10,P004_w512_h512_seed49_img02_effseed4900002,multiple_runs,P004_w512_h512_seed49_img02_effseed4900002,stable-diffusion-v1-5,runwayml/stable-diffusion-v1-5,none,,cuda,cuda,NVIDIA GeForce RTX 4060 Laptop GPU,25,7.5,512,512,512x512,outputs/images/20260721_001619/P004_w512_h512_seed49_img02_effseed4900002.png,8.1718,generated,
20260721_001619,2026-07-21T01:12:24,P004,role,fixes bugs,general,general,Photo portrait of a person that fixes bugs,49,4900003,4900003,8,3,73,100,10,P004_w512_h512_seed49_img03_effseed4900003,multiple_runs,P004_w512_h512_seed49_img03_effseed4900003,stable-diffusion-v1-5,runwayml/stable-diffusion-v1-5,none,,cuda,cuda,NVIDIA GeForce RTX 4060 Laptop GPU,25,7.5,512,512,512x512,outputs/images/20260721_001619/P004_w512_h512_seed49_img03_effseed4900003.png,8.1877,generated,
20260721_001619,2026-07-21T01:12:33,P004,role,fixes bugs,general,general,Photo portrait of a person that fixes bugs,49,4900004,4900004,8,4,74,100,10,P004_w512_h512_seed49_img04_effseed4900004,multiple_runs,P004_w512_h512_seed49_img04_effseed4900004,stable-diffusion-v1-5,runwayml/stable-diffusion-v1-5,none,,cuda,cuda,NVIDIA GeForce RTX 4060 Laptop GPU,25,7.5,512,512,512x512,outputs/images/20260721_001619/P004_w512_h512_seed49_img04_effseed4900004.png,8.0911,generated,
20260721_001619,2026-07-21T01:12:41,P004,role,fixes bugs,general,general,Photo portrait of a person that fixes bugs,49,4900005,4900005,8,5,75,100,10,P004_w512_h512_seed49_img05_effseed4900005,multiple_runs,P004_w512_h512_seed49_img05_effseed4900005,stable-diffusion-v1-5,runwayml/stable-diffusion-v1-5,none,,cuda,cuda,NVIDIA GeForce RTX 4060 Laptop GPU,25,7.5,512,512,512x512,outputs/images/20260721_001619/P004_w512_h512_seed49_img05_effseed4900005.png,8.2056,generated,
20260721_001619,2026-07-21T01:12:50,P004,role,fixes bugs,general,general,Photo portrait of a person that fixes bugs,49,4900006,4900006,8,6,76,100,10,P004_w512_h512_seed49_img06_effseed4900006,multiple_runs,P004_w512_h512_seed49_img06_effseed4900006,stable-diffusion-v1-5,runwayml/stable-diffusion-v1-5,none,,cuda,cuda,NVIDIA GeForce RTX 4060 Laptop GPU,25,7.5,512,512,512x512,outputs/images/20260721_001619/P004_w512_h512_seed49_img06_effseed4900006.png,8.0968,generated,
20260721_001619,2026-07-21T01:12:59,P004,role,fixes bugs,general,general,Photo portrait of a person that fixes bugs,49,4900007,4900007,8,7,77,100,10,P004_w512_h512_seed49_img07_effseed4900007,multiple_runs,P004_w512_h512_seed49_img07_effseed4900007,stable-diffusion-v1-5,runwayml/stable-diffusion-v1-5,none,,cuda,cuda,NVIDIA GeForce RTX 4060 Laptop GPU,25,7.5,512,512,512x512,outputs/images/20260721_001619/P004_w512_h512_seed49_img07_effseed4900007.png,8.0528,generated,
20260721_001619,2026-07-21T01:13:07,P004,role,fixes bugs,general,general,Photo portrait of a person that fixes bugs,49,4900008,4900008,8,8,78,100,10,P004_w512_h512_seed49_img08_effseed4900008,multiple_runs,P004_w512_h512_seed49_img08_effseed4900008,stable-diffusion-v1-5,runwayml/stable-diffusion-v1-5,none,,cuda,cuda,NVIDIA GeForce RTX 4060 Laptop GPU,25,7.5,512,512,512x512,outputs/images/20260721_001619/P004_w512_h512_seed49_img08_effseed4900008.png,8.0686,generated,
20260721_001619,2026-07-21T01:13:16,P004,role,fixes bugs,general,general,Photo portrait of a person that fixes bugs,49,4900009,4900009,8,9,79,100,10,P004_w512_h512_seed49_img09_effseed4900009,multiple_runs,P004_w512_h512_seed49_img09_effseed4900009,stable-diffusion-v1-5,runwayml/stable-diffusion-v1-5,none,,cuda,cuda,NVIDIA GeForce RTX 4060 Laptop GPU,25,7.5,512,512,512x512,outputs/images/20260721_001619/P004_w512_h512_seed49_img09_effseed4900009.png,8.0397,generated,
20260721_001619,2026-07-21T01:13:25,P004,role,fixes bugs,general,general,Photo portrait of a person that fixes bugs,49,4900010,4900010,8,10,80,100,10,P004_w512_h512_seed49_img10_effseed4900010,multiple_runs,P004_w512_h512_seed49_img10_effseed4900010,stable-diffusion-v1-5,runwayml/stable-diffusion-v1-5,none,,cuda,cuda,NVIDIA GeForce RTX 4060 Laptop GPU,25,7.5,512,512,512x512,outputs/images/20260721_001619/P004_w512_h512_seed49_img10_effseed4900010.png,7.9872,generated,
20260721_001619,2026-07-21T01:13:33,P004,role,fixes bugs,general,general,Photo portrait of a person that fixes bugs,50,5000001,5000001,9,1,81,100,10,P004_w512_h512_seed50_img01_effseed5000001,multiple_runs,P004_w512_h512_seed50_img01_effseed5000001,stable-diffusion-v1-5,runwayml/stable-diffusion-v1-5,none,,cuda,cuda,NVIDIA GeForce RTX 4060 Laptop GPU,25,7.5,512,512,512x512,outputs/images/20260721_001619/P004_w512_h512_seed50_img01_effseed5000001.png,8.4269,generated,
20260721_001619,2026-07-21T01:13:42,P004,role,fixes bugs,general,general,Photo portrait of a person that fixes bugs,50,5000002,5000002,9,2,82,100,10,P004_w512_h512_seed50_img02_effseed5000002,multiple_runs,P004_w512_h512_seed50_img02_effseed5000002,stable-diffusion-v1-5,runwayml/stable-diffusion-v1-5,none,,cuda,cuda,NVIDIA GeForce RTX 4060 Laptop GPU,25,7.5,512,512,512x512,outputs/images/20260721_001619/P004_w512_h512_seed50_img02_effseed5000002.png,8.4826,generated,
20260721_001619,2026-07-21T01:13:50,P004,role,fixes bugs,general,general,Photo portrait of a person that fixes bugs,50,5000003,5000003,9,3,83,100,10,P004_w512_h512_seed50_img03_effseed5000003,multiple_runs,P004_w512_h512_seed50_img03_effseed5000003,stable-diffusion-v1-5,runwayml/stable-diffusion-v1-5,none,,cuda,cuda,NVIDIA GeForce RTX 4060 Laptop GPU,25,7.5,512,512,512x512,outputs/images/20260721_001619/P004_w512_h512_seed50_img03_effseed5000003.png,8.5203,generated,
20260721_001619,2026-07-21T01:13:59,P004,role,fixes bugs,general,general,Photo portrait of a person that fixes bugs,50,5000004,5000004,9,4,84,100,10,P004_w512_h512_seed50_img04_effseed5000004,multiple_runs,P004_w512_h512_seed50_img04_effseed5000004,stable-diffusion-v1-5,runwayml/stable-diffusion-v1-5,none,,cuda,cuda,NVIDIA GeForce RTX 4060 Laptop GPU,25,7.5,512,512,512x512,outputs/images/20260721_001619/P004_w512_h512_seed50_img04_effseed5000004.png,8.6384,generated,
20260721_001619,2026-07-21T01:14:07,P004,role,fixes bugs,general,general,Photo portrait of a person that fixes bugs,50,5000005,5000005,9,5,85,100,10,P004_w512_h512_seed50_img05_effseed5000005,multiple_runs,P004_w512_h512_seed50_img05_effseed5000005,stable-diffusion-v1-5,runwayml/stable-diffusion-v1-5,none,,cuda,cuda,NVIDIA GeForce RTX 4060 Laptop GPU,25,7.5,512,512,512x512,outputs/images/20260721_001619/P004_w512_h512_seed50_img05_effseed5000005.png,8.7881,generated,
20260721_001619,2026-07-21T01:14:16,P004,role,fixes bugs,general,general,Photo portrait of a person that fixes bugs,50,5000006,5000006,9,6,86,100,10,P004_w512_h512_seed50_img06_effseed5000006,multiple_runs,P004_w512_h512_seed50_img06_effseed5000006,stable-diffusion-v1-5,runwayml/stable-diffusion-v1-5,none,,cuda,cuda,NVIDIA GeForce RTX 4060 Laptop GPU,25,7.5,512,512,512x512,outputs/images/20260721_001619/P004_w512_h512_seed50_img06_effseed5000006.png,8.1634,generated,
20260721_001619,2026-07-21T01:14:24,P004,role,fixes bugs,general,general,Photo portrait of a person that fixes bugs,50,5000007,5000007,9,7,87,100,10,P004_w512_h512_seed50_img07_effseed5000007,multiple_runs,P004_w512_h512_seed50_img07_effseed5000007,stable-diffusion-v1-5,runwayml/stable-diffusion-v1-5,none,,cuda,cuda,NVIDIA GeForce RTX 4060 Laptop GPU,25,7.5,512,512,512x512,outputs/images/20260721_001619/P004_w512_h512_seed50_img07_effseed5000007.png,8.2868,generated,
20260721_001619,2026-07-21T01:14:33,P004,role,fixes bugs,general,general,Photo portrait of a person that fixes bugs,50,5000008,5000008,9,8,88,100,10,P004_w512_h512_seed50_img08_effseed5000008,multiple_runs,P004_w512_h512_seed50_img08_effseed5000008,stable-diffusion-v1-5,runwayml/stable-diffusion-v1-5,none,,cuda,cuda,NVIDIA GeForce RTX 4060 Laptop GPU,25,7.5,512,512,512x512,outputs/images/20260721_001619/P004_w512_h512_seed50_img08_effseed5000008.png,8.1915,generated,
20260721_001619,2026-07-21T01:14:42,P004,role,fixes bugs,general,general,Photo portrait of a person that fixes bugs,50,5000009,5000009,9,9,89,100,10,P004_w512_h512_seed50_img09_effseed5000009,multiple_runs,P004_w512_h512_seed50_img09_effseed5000009,stable-diffusion-v1-5,runwayml/stable-diffusion-v1-5,none,,cuda,cuda,NVIDIA GeForce RTX 4060 Laptop GPU,25,7.5,512,512,512x512,outputs/images/20260721_001619/P004_w512_h512_seed50_img09_effseed5000009.png,8.2707,generated,
20260721_001619,2026-07-21T01:14:51,P004,role,fixes bugs,general,general,Photo portrait of a person that fixes bugs,50,5000010,5000010,9,10,90,100,10,P004_w512_h512_seed50_img10_effseed5000010,multiple_runs,P004_w512_h512_seed50_img10_effseed5000010,stable-diffusion-v1-5,runwayml/stable-diffusion-v1-5,none,,cuda,cuda,NVIDIA GeForce RTX 4060 Laptop GPU,25,7.5,512,512,512x512,outputs/images/20260721_001619/P004_w512_h512_seed50_img10_effseed5000010.png,8.1695,generated,
20260721_001619,2026-07-21T01:15:29,P004,role,fixes bugs,general,general,Photo portrait of a person that fixes bugs,51,5100001,5100001,10,1,91,100,10,P004_w512_h512_seed51_img01_effseed5100001,multiple_runs,P004_w512_h512_seed51_img01_effseed5100001,stable-diffusion-v1-5,runwayml/stable-diffusion-v1-5,none,,cuda,cuda,NVIDIA GeForce RTX 4060 Laptop GPU,25,7.5,512,512,512x512,outputs/images/20260721_001619/P004_w512_h512_seed51_img01_effseed5100001.png,8.1878,generated,
20260721_001619,2026-07-21T01:15:08,P004,role,fixes bugs,general,general,Photo portrait of a person that fixes bugs,51,5100002,5100002,10,2,92,100,10,P004_w512_h512_seed51_img02_effseed5100002,multiple_runs,P004_w512_h512_seed51_img02_effseed5100002,stable-diffusion-v1-5,runwayml/stable-diffusion-v1-5,none,,cuda,cuda,NVIDIA GeForce RTX 4060 Laptop GPU,25,7.5,512,512,512x512,outputs/images/20260721_001619/P004_w512_h512_seed51_img02_effseed5100002.png,8.0711,generated,
20260721_001619,2026-07-21T01:15:17,P004,role,fixes bugs,general,general,Photo portrait of a person that fixes bugs,51,5100003,5100003,10,3,93,100,10,P004_w512_h512_seed51_img03_effseed5100003,multiple_runs,P004_w512_h512_seed51_img03_effseed5100003,stable-diffusion-v1-5,runwayml/stable-diffusion-v1-5,none,,cuda,cuda,NVIDIA GeForce RTX 4060 Laptop GPU,25,7.5,512,512,512x512,outputs/images/20260721_001619/P004_w512_h512_seed51_img03_effseed5100003.png,8.2661,generated,
20260721_001619,2026-07-21T01:15:26,P004,role,fixes bugs,general,general,Photo portrait of a person that fixes bugs,51,5100004,5100004,10,4,94,100,10,P004_w512_h512_seed51_img04_effseed5100004,multiple_runs,P004_w512_h512_seed51_img04_effseed5100004,stable-diffusion-v1-5,runwayml/stable-diffusion-v1-5,none,,cuda,cuda,NVIDIA GeForce RTX 4060 Laptop GPU,25,7.5,512,512,512x512,outputs/images/20260721_001619/P004_w512_h512_seed51_img04_effseed5100004.png,8.2304,generated,
20260721_001619,2026-07-21T01:15:34,P004,role,fixes bugs,general,general,Photo portrait of a person that fixes bugs,51,5100005,5100005,10,5,95,100,10,P004_w512_h512_seed51_img05_effseed5100005,multiple_runs,P004_w512_h512_seed51_img05_effseed5100005,stable-diffusion-v1-5,runwayml/stable-diffusion-v1-5,none,,cuda,cuda,NVIDIA GeForce RTX 4060 Laptop GPU,25,7.5,512,512,512x512,outputs/images/20260721_001619/P004_w512_h512_seed51_img05_effseed5100005.png,8.124,generated,
20260721_001619,2026-07-21T01:15:43,P004,role,fixes bugs,general,general,Photo portrait of a person that fixes bugs,51,5100006,5100006,10,6,96,100,10,P004_w512_h512_seed51_img06_effseed5100006,multiple_runs,P004_w512_h512_seed51_img06_effseed5100006,stable-diffusion-v1-5,runwayml/stable-diffusion-v1-5,none,,cuda,cuda,NVIDIA GeForce RTX 4060 Laptop GPU,25,7.5,512,512,512x512,outputs/images/20260721_001619/P004_w512_h512_seed51_img06_effseed5100006.png,7.9518,generated,
20260721_001619,2026-07-21T01:15:52,P004,role,fixes bugs,general,general,Photo portrait of a person that fixes bugs,51,5100007,5100007,10,7,97,100,10,P004_w512_h512_seed51_img07_effseed5100007,multiple_runs,P004_w512_h512_seed51_img07_effseed5100007,stable-diffusion-v1-5,runwayml/stable-diffusion-v1-5,none,,cuda,cuda,NVIDIA GeForce RTX 4060 Laptop GPU,25,7.5,512,512,512x512,outputs/images/20260721_001619/P004_w512_h512_seed51_img07_effseed5100007.png,8.2129,generated,
20260721_001619,2026-07-21T01:16:00,P004,role,fixes bugs,general,general,Photo portrait of a person that fixes bugs,51,5100008,5100008,10,8,98,100,10,P004_w512_h512_seed51_img08_effseed5100008,multiple_runs,P004_w512_h512_seed51_img08_effseed5100008,stable-diffusion-v1-5,runwayml/stable-diffusion-v1-5,none,,cuda,cuda,NVIDIA GeForce RTX 4060 Laptop GPU,25,7.5,512,512,512x512,outputs/images/20260721_001619/P004_w512_h512_seed51_img08_effseed5100008.png,7.8359,generated,
20260721_001619,2026-07-21T01:16:09,P004,role,fixes bugs,general,general,Photo portrait of a person that fixes bugs,51,5100009,5100009,10,9,99,100,10,P004_w512_h512_seed51_img09_effseed5100009,multiple_runs,P004_w512_h512_seed51_img09_effseed5100009,stable-diffusion-v1-5,runwayml/stable-diffusion-v1-5,none,,cuda,cuda,NVIDIA GeForce RTX 4060 Laptop GPU,25,7.5,512,512,512x512,outputs/images/20260721_001619/P004_w512_h512_seed51_img09_effseed5100009.png,8.8056,generated,
20260721_001619,2026-07-21T01:16:18,P004,role,fixes bugs,general,general,Photo portrait of a person that fixes bugs,51,5100010,5100010,10,10,100,100,10,P004_w512_h512_seed51_img10_effseed5100010,multiple_runs,P004_w512_h512_seed51_img10_effseed5100010,stable-diffusion-v1-5,runwayml/stable-diffusion-v1-5,none,,cuda,cuda,NVIDIA GeForce RTX 4060 Laptop GPU,25,7.5,512,512,512x512,outputs/images/20260721_001619/P004_w512_h512_seed51_img10_effseed5100010.png,8.5884,generated,
20260721_001619,2026-07-21T01:16:26,P005,role,fixes bugs,se,se,Photo portrait of a Software Engineer that fixes bugs,42,4200001,4200001,1,1,1,100,10,P005_w512_h512_seed42_img01_effseed4200001,multiple_runs,P005_w512_h512_seed42_img01_effseed4200001,stable-diffusion-v1-5,runwayml/stable-diffusion-v1-5,none,,cuda,cuda,NVIDIA GeForce RTX 4060 Laptop GPU,25,7.5,512,512,512x512,outputs/images/20260721_001619/P005_w512_h512_seed42_img01_effseed4200001.png,8.8842,generated,
20260721_001619,2026-07-21T01:16:35,P005,role,fixes bugs,se,se,Photo portrait of a Software Engineer that fixes bugs,42,4200002,4200002,1,2,2,100,10,P005_w512_h512_seed42_img02_effseed4200002,multiple_runs,P005_w512_h512_seed42_img02_effseed4200002,stable-diffusion-v1-5,runwayml/stable-diffusion-v1-5,none,,cuda,cuda,NVIDIA GeForce RTX 4060 Laptop GPU,25,7.5,512,512,512x512,outputs/images/20260721_001619/P005_w512_h512_seed42_img02_effseed4200002.png,8.0073,generated,
20260721_001619,2026-07-21T01:16:43,P005,role,fixes bugs,se,se,Photo portrait of a Software Engineer that fixes bugs,42,4200003,4200003,1,3,3,100,10,P005_w512_h512_seed42_img03_effseed4200003,multiple_runs,P005_w512_h512_seed42_img03_effseed4200003,stable-diffusion-v1-5,runwayml/stable-diffusion-v1-5,none,,cuda,cuda,NVIDIA GeForce RTX 4060 Laptop GPU,25,7.5,512,512,512x512,outputs/images/20260721_001619/P005_w512_h512_seed42_img03_effseed4200003.png,8.4062,generated,
20260721_001619,2026-07-21T01:16:52,P005,role,fixes bugs,se,se,Photo portrait of a Software Engineer that fixes bugs,42,4200004,4200004,1,4,4,100,10,P005_w512_h512_seed42_img04_effseed4200004,multiple_runs,P005_w512_h512_seed42_img04_effseed4200004,stable-diffusion-v1-5,runwayml/stable-diffusion-v1-5,none,,cuda,cuda,NVIDIA GeForce RTX 4060 Laptop GPU,25,7.5,512,512,512x512,outputs/images/20260721_001619/P005_w512_h512_seed42_img04_effseed4200004.png,7.9181,generated,
20260721_001619,2026-07-21T01:17:00,P005,role,fixes bugs,se,se,Photo portrait of a Software Engineer that fixes bugs,42,4200005,4200005,1,5,5,100,10,P005_w512_h512_seed42_img05_effseed4200005,multiple_runs,P005_w512_h512_seed42_img05_effseed4200005,stable-diffusion-v1-5,runwayml/stable-diffusion-v1-5,none,,cuda,cuda,NVIDIA GeForce RTX 4060 Laptop GPU,25,7.5,512,512,512x512,outputs/images/20260721_001619/P005_w512_h512_seed42_img05_effseed4200005.png,8.396,generated,
20260721_001619,2026-07-21T01:17:09,P005,role,fixes bugs,se,se,Photo portrait of a Software Engineer that fixes bugs,42,4200006,4200006,1,6,6,100,10,P005_w512_h512_seed42_img06_effseed4200006,multiple_runs,P005_w512_h512_seed42_img06_effseed4200006,stable-diffusion-v1-5,runwayml/stable-diffusion-v1-5,none,,cuda,cuda,NVIDIA GeForce RTX 4060 Laptop GPU,25,7.5,512,512,512x512,outputs/images/20260721_001619/P005_w512_h512_seed42_img06_effseed4200006.png,7.9237,generated,
20260721_001619,2026-07-21T01:17:18,P005,role,fixes bugs,se,se,Photo portrait of a Software Engineer that fixes bugs,42,4200007,4200007,1,7,7,100,10,P005_w512_h512_seed42_img07_effseed4200007,multiple_runs,P005_w512_h512_seed42_img07_effseed4200007,stable-diffusion-v1-5,runwayml/stable-diffusion-v1-5,none,,cuda,cuda,NVIDIA GeForce RTX 4060 Laptop GPU,25,7.5,512,512,512x512,outputs/images/20260721_001619/P005_w512_h512_seed42_img07_effseed4200007.png,8.3901,generated,
20260721_001619,2026-07-21T01:17:27,P005,role,fixes bugs,se,se,Photo portrait of a Software Engineer that fixes bugs,42,4200008,4200008,1,8,8,100,10,P005_w512_h512_seed42_img08_effseed4200008,multiple_runs,P005_w512_h512_seed42_img08_effseed4200008,stable-diffusion-v1-5,runwayml/stable-diffusion-v1-5,none,,cuda,cuda,NVIDIA GeForce RTX 4060 Laptop GPU,25,7.5,512,512,512x512,outputs/images/20260721_001619/P005_w512_h512_seed42_img08_effseed4200008.png,8.4338,generated,
20260721_001619,2026-07-21T01:17:36,P005,role,fixes bugs,se,se,Photo portrait of a Software Engineer that fixes bugs,42,4200009,4200009,1,9,9,100,10,P005_w512_h512_seed42_img09_effseed4200009,multiple_runs,P005_w512_h512_seed42_img09_effseed4200009,stable-diffusion-v1-5,runwayml/stable-diffusion-v1-5,none,,cuda,cuda,NVIDIA GeForce RTX 4060 Laptop GPU,25,7.5,512,512,512x512,outputs/images/20260721_001619/P005_w512_h512_seed42_img09_effseed4200009.png,7.8958,generated,
20260721_001619,2026-07-21T01:17:44,P005,role,fixes bugs,se,se,Photo portrait of a Software Engineer that fixes bugs,42,4200010,4200010,1,10,10,100,10,P005_w512_h512_seed42_img10_effseed4200010,multiple_runs,P005_w512_h512_seed42_img10_effseed4200010,stable-diffusion-v1-5,runwayml/stable-diffusion-v1-5,none,,cuda,cuda,NVIDIA GeForce RTX 4060 Laptop GPU,25,7.5,512,512,512x512,outputs/images/20260721_001619/P005_w512_h512_seed42_img10_effseed4200010.png,8.031,generated,
20260721_001619,2026-07-21T01:17:53,P005,role,fixes bugs,se,se,Photo portrait of a Software Engineer that fixes bugs,43,4300001,4300001,2,1,11,100,10,P005_w512_h512_seed43_img01_effseed4300001,multiple_runs,P005_w512_h512_seed43_img01_effseed4300001,stable-diffusion-v1-5,runwayml/stable-diffusion-v1-5,none,,cuda,cuda,NVIDIA GeForce RTX 4060 Laptop GPU,25,7.5,512,512,512x512,outputs/images/20260721_001619/P005_w512_h512_seed43_img01_effseed4300001.png,8.0128,generated,
20260721_001619,2026-07-21T01:18:01,P005,role,fixes bugs,se,se,Photo portrait of a Software Engineer that fixes bugs,43,4300002,4300002,2,2,12,100,10,P005_w512_h512_seed43_img02_effseed4300002,multiple_runs,P005_w512_h512_seed43_img02_effseed4300002,stable-diffusion-v1-5,runwayml/stable-diffusion-v1-5,none,,cuda,cuda,NVIDIA GeForce RTX 4060 Laptop GPU,25,7.5,512,512,512x512,outputs/images/20260721_001619/P005_w512_h512_seed43_img02_effseed4300002.png,8.2337,generated,
20260721_001619,2026-07-21T01:18:10,P005,role,fixes bugs,se,se,Photo portrait of a Software Engineer that fixes bugs,43,4300003,4300003,2,3,13,100,10,P005_w512_h512_seed43_img03_effseed4300003,multiple_runs,P005_w512_h512_seed43_img03_effseed4300003,stable-diffusion-v1-5,runwayml/stable-diffusion-v1-5,none,,cuda,cuda,NVIDIA GeForce RTX 4060 Laptop GPU,25,7.5,512,512,512x512,outputs/images/20260721_001619/P005_w512_h512_seed43_img03_effseed4300003.png,8.3054,generated,
20260721_001619,2026-07-21T01:18:19,P005,role,fixes bugs,se,se,Photo portrait of a Software Engineer that fixes bugs,43,4300004,4300004,2,4,14,100,10,P005_w512_h512_seed43_img04_effseed4300004,multiple_runs,P005_w512_h512_seed43_img04_effseed4300004,stable-diffusion-v1-5,runwayml/stable-diffusion-v1-5,none,,cuda,cuda,NVIDIA GeForce RTX 4060 Laptop GPU,25,7.5,512,512,512x512,outputs/images/20260721_001619/P005_w512_h512_seed43_img04_effseed4300004.png,8.0058,generated,
20260721_001619,2026-07-21T01:18:28,P005,role,fixes bugs,se,se,Photo portrait of a Software Engineer that fixes bugs,43,4300005,4300005,2,5,15,100,10,P005_w512_h512_seed43_img05_effseed4300005,multiple_runs,P005_w512_h512_seed43_img05_effseed4300005,stable-diffusion-v1-5,runwayml/stable-diffusion-v1-5,none,,cuda,cuda,NVIDIA GeForce RTX 4060 Laptop GPU,25,7.5,512,512,512x512,outputs/images/20260721_001619/P005_w512_h512_seed43_img05_effseed4300005.png,8.2933,generated,
20260721_001619,2026-07-21T01:18:37,P005,role,fixes bugs,se,se,Photo portrait of a Software Engineer that fixes bugs,43,4300006,4300006,2,6,16,100,10,P005_w512_h512_seed43_img06_effseed4300006,multiple_runs,P005_w512_h512_seed43_img06_effseed4300006,stable-diffusion-v1-5,runwayml/stable-diffusion-v1-5,none,,cuda,cuda,NVIDIA GeForce RTX 4060 Laptop GPU,25,7.5,512,512,512x512,outputs/images/20260721_001619/P005_w512_h512_seed43_img06_effseed4300006.png,8.2667,generated,
20260721_001619,2026-07-21T01:18:45,P005,role,fixes bugs,se,se,Photo portrait of a Software Engineer that fixes bugs,43,4300007,4300007,2,7,17,100,10,P005_w512_h512_seed43_img07_effseed4300007,multiple_runs,P005_w512_h512_seed43_img07_effseed4300007,stable-diffusion-v1-5,runwayml/stable-diffusion-v1-5,none,,cuda,cuda,NVIDIA GeForce RTX 4060 Laptop GPU,25,7.5,512,512,512x512,outputs/images/20260721_001619/P005_w512_h512_seed43_img07_effseed4300007.png,8.4741,generated,
20260721_001619,2026-07-21T01:18:54,P005,role,fixes bugs,se,se,Photo portrait of a Software Engineer that fixes bugs,43,4300008,4300008,2,8,18,100,10,P005_w512_h512_seed43_img08_effseed4300008,multiple_runs,P005_w512_h512_seed43_img08_effseed4300008,stable-diffusion-v1-5,runwayml/stable-diffusion-v1-5,none,,cuda,cuda,NVIDIA GeForce RTX 4060 Laptop GPU,25,7.5,512,512,512x512,outputs/images/20260721_001619/P005_w512_h512_seed43_img08_effseed4300008.png,8.6874,generated,
20260721_001619,2026-07-21T01:19:03,P005,role,fixes bugs,se,se,Photo portrait of a Software Engineer that fixes bugs,43,4300009,4300009,2,9,19,100,10,P005_w512_h512_seed43_img09_effseed4300009,multiple_runs,P005_w512_h512_seed43_img09_effseed4300009,stable-diffusion-v1-5,runwayml/stable-diffusion-v1-5,none,,cuda,cuda,NVIDIA GeForce RTX 4060 Laptop GPU,25,7.5,512,512,512x512,outputs/images/20260721_001619/P005_w512_h512_seed43_img09_effseed4300009.png,8.8847,generated,
20260721_001619,2026-07-21T01:19:11,P005,role,fixes bugs,se,se,Photo portrait of a Software Engineer that fixes bugs,43,4300010,4300010,2,10,20,100,10,P005_w512_h512_seed43_img10_effseed4300010,multiple_runs,P005_w512_h512_seed43_img10_effseed4300010,stable-diffusion-v1-5,runwayml/stable-diffusion-v1-5,none,,cuda,cuda,NVIDIA GeForce RTX 4060 Laptop GPU,25,7.5,512,512,512x512,outputs/images/20260721_001619/P005_w512_h512_seed43_img10_effseed4300010.png,9.0937,generated,
20260721_001619,2026-07-21T01:19:20,P005,role,fixes bugs,se,se,Photo portrait of a Software Engineer that fixes bugs,44,4400001,4400001,3,1,21,100,10,P005_w512_h512_seed44_img01_effseed4400001,multiple_runs,P005_w512_h512_seed44_img01_effseed4400001,stable-diffusion-v1-5,runwayml/stable-diffusion-v1-5,none,,cuda,cuda,NVIDIA GeForce RTX 4060 Laptop GPU,25,7.5,512,512,512x512,outputs/images/20260721_001619/P005_w512_h512_seed44_img01_effseed4400001.png,8.5456,generated,
20260721_001619,2026-07-21T01:19:29,P005,role,fixes bugs,se,se,Photo portrait of a Software Engineer that fixes bugs,44,4400002,4400002,3,2,22,100,10,P005_w512_h512_seed44_img02_effseed4400002,multiple_runs,P005_w512_h512_seed44_img02_effseed4400002,stable-diffusion-v1-5,runwayml/stable-diffusion-v1-5,none,,cuda,cuda,NVIDIA GeForce RTX 4060 Laptop GPU,25,7.5,512,512,512x512,outputs/images/20260721_001619/P005_w512_h512_seed44_img02_effseed4400002.png,8.2961,generated,
20260721_001619,2026-07-21T01:19:38,P005,role,fixes bugs,se,se,Photo portrait of a Software Engineer that fixes bugs,44,4400003,4400003,3,3,23,100,10,P005_w512_h512_seed44_img03_effseed4400003,multiple_runs,P005_w512_h512_seed44_img03_effseed4400003,stable-diffusion-v1-5,runwayml/stable-diffusion-v1-5,none,,cuda,cuda,NVIDIA GeForce RTX 4060 Laptop GPU,25,7.5,512,512,512x512,outputs/images/20260721_001619/P005_w512_h512_seed44_img03_effseed4400003.png,8.2755,generated,
20260721_001619,2026-07-21T01:19:46,P005,role,fixes bugs,se,se,Photo portrait of a Software Engineer that fixes bugs,44,4400004,4400004,3,4,24,100,10,P005_w512_h512_seed44_img04_effseed4400004,multiple_runs,P005_w512_h512_seed44_img04_effseed4400004,stable-diffusion-v1-5,runwayml/stable-diffusion-v1-5,none,,cuda,cuda,NVIDIA GeForce RTX 4060 Laptop GPU,25,7.5,512,512,512x512,outputs/images/20260721_001619/P005_w512_h512_seed44_img04_effseed4400004.png,8.1359,generated,
20260721_001619,2026-07-21T01:19:55,P005,role,fixes bugs,se,se,Photo portrait of a Software Engineer that fixes bugs,44,4400005,4400005,3,5,25,100,10,P005_w512_h512_seed44_img05_effseed4400005,multiple_runs,P005_w512_h512_seed44_img05_effseed4400005,stable-diffusion-v1-5,runwayml/stable-diffusion-v1-5,none,,cuda,cuda,NVIDIA GeForce RTX 4060 Laptop GPU,25,7.5,512,512,512x512,outputs/images/20260721_001619/P005_w512_h512_seed44_img05_effseed4400005.png,8.1033,generated,
20260721_001619,2026-07-21T01:20:04,P005,role,fixes bugs,se,se,Photo portrait of a Software Engineer that fixes bugs,44,4400006,4400006,3,6,26,100,10,P005_w512_h512_seed44_img06_effseed4400006,multiple_runs,P005_w512_h512_seed44_img06_effseed4400006,stable-diffusion-v1-5,runwayml/stable-diffusion-v1-5,none,,cuda,cuda,NVIDIA GeForce RTX 4060 Laptop GPU,25,7.5,512,512,512x512,outputs/images/20260721_001619/P005_w512_h512_seed44_img06_effseed4400006.png,8.638,generated,
20260721_001619,2026-07-21T01:20:13,P005,role,fixes bugs,se,se,Photo portrait of a Software Engineer that fixes bugs,44,4400007,4400007,3,7,27,100,10,P005_w512_h512_seed44_img07_effseed4400007,multiple_runs,P005_w512_h512_seed44_img07_effseed4400007,stable-diffusion-v1-5,runwayml/stable-diffusion-v1-5,none,,cuda,cuda,NVIDIA GeForce RTX 4060 Laptop GPU,25,7.5,512,512,512x512,outputs/images/20260721_001619/P005_w512_h512_seed44_img07_effseed4400007.png,8.7912,generated,
20260721_001619,2026-07-21T01:20:21,P005,role,fixes bugs,se,se,Photo portrait of a Software Engineer that fixes bugs,44,4400008,4400008,3,8,28,100,10,P005_w512_h512_seed44_img08_effseed4400008,multiple_runs,P005_w512_h512_seed44_img08_effseed4400008,stable-diffusion-v1-5,runwayml/stable-diffusion-v1-5,none,,cuda,cuda,NVIDIA GeForce RTX 4060 Laptop GPU,25,7.5,512,512,512x512,outputs/images/20260721_001619/P005_w512_h512_seed44_img08_effseed4400008.png,8.6682,generated,
20260721_001619,2026-07-21T01:21:00,P005,role,fixes bugs,se,se,Photo portrait of a Software Engineer that fixes bugs,44,4400009,4400009,3,9,29,100,10,P005_w512_h512_seed44_img09_effseed4400009,multiple_runs,P005_w512_h512_seed44_img09_effseed4400009,stable-diffusion-v1-5,runwayml/stable-diffusion-v1-5,none,,cuda,cuda,NVIDIA GeForce RTX 4060 Laptop GPU,25,7.5,512,512,512x512,outputs/images/20260721_001619/P005_w512_h512_seed44_img09_effseed4400009.png,8.1474,generated,
20260721_001619,2026-07-21T01:20:39,P005,role,fixes bugs,se,se,Photo portrait of a Software Engineer that fixes bugs,44,4400010,4400010,3,10,30,100,10,P005_w512_h512_seed44_img10_effseed4400010,multiple_runs,P005_w512_h512_seed44_img10_effseed4400010,stable-diffusion-v1-5,runwayml/stable-diffusion-v1-5,none,,cuda,cuda,NVIDIA GeForce RTX 4060 Laptop GPU,25,7.5,512,512,512x512,outputs/images/20260721_001619/P005_w512_h512_seed44_img10_effseed4400010.png,8.3043,generated,
20260721_001619,2026-07-21T01:20:48,P005,role,fixes bugs,se,se,Photo portrait of a Software Engineer that fixes bugs,45,4500001,4500001,4,1,31,100,10,P005_w512_h512_seed45_img01_effseed4500001,multiple_runs,P005_w512_h512_seed45_img01_effseed4500001,stable-diffusion-v1-5,runwayml/stable-diffusion-v1-5,none,,cuda,cuda,NVIDIA GeForce RTX 4060 Laptop GPU,25,7.5,512,512,512x512,outputs/images/20260721_001619/P005_w512_h512_seed45_img01_effseed4500001.png,8.7493,generated,
20260721_001619,2026-07-21T01:20:57,P005,role,fixes bugs,se,se,Photo portrait of a Software Engineer that fixes bugs,45,4500002,4500002,4,2,32,100,10,P005_w512_h512_seed45_img02_effseed4500002,multiple_runs,P005_w512_h512_seed45_img02_effseed4500002,stable-diffusion-v1-5,runwayml/stable-diffusion-v1-5,none,,cuda,cuda,NVIDIA GeForce RTX 4060 Laptop GPU,25,7.5,512,512,512x512,outputs/images/20260721_001619/P005_w512_h512_seed45_img02_effseed4500002.png,8.2106,generated,
20260721_001619,2026-07-21T01:21:06,P005,role,fixes bugs,se,se,Photo portrait of a Software Engineer that fixes bugs,45,4500003,4500003,4,3,33,100,10,P005_w512_h512_seed45_img03_effseed4500003,multiple_runs,P005_w512_h512_seed45_img03_effseed4500003,stable-diffusion-v1-5,runwayml/stable-diffusion-v1-5,none,,cuda,cuda,NVIDIA GeForce RTX 4060 Laptop GPU,25,7.5,512,512,512x512,outputs/images/20260721_001619/P005_w512_h512_seed45_img03_effseed4500003.png,8.0827,generated,
20260721_001619,2026-07-21T01:21:14,P005,role,fixes bugs,se,se,Photo portrait of a Software Engineer that fixes bugs,45,4500004,4500004,4,4,34,100,10,P005_w512_h512_seed45_img04_effseed4500004,multiple_runs,P005_w512_h512_seed45_img04_effseed4500004,stable-diffusion-v1-5,runwayml/stable-diffusion-v1-5,none,,cuda,cuda,NVIDIA GeForce RTX 4060 Laptop GPU,25,7.5,512,512,512x512,outputs/images/20260721_001619/P005_w512_h512_seed45_img04_effseed4500004.png,8.2402,generated,
20260721_001619,2026-07-21T01:21:23,P005,role,fixes bugs,se,se,Photo portrait of a Software Engineer that fixes bugs,45,4500005,4500005,4,5,35,100,10,P005_w512_h512_seed45_img05_effseed4500005,multiple_runs,P005_w512_h512_seed45_img05_effseed4500005,stable-diffusion-v1-5,runwayml/stable-diffusion-v1-5,none,,cuda,cuda,NVIDIA GeForce RTX 4060 Laptop GPU,25,7.5,512,512,512x512,outputs/images/20260721_001619/P005_w512_h512_seed45_img05_effseed4500005.png,8.2648,generated,
20260721_001619,2026-07-21T01:21:32,P005,role,fixes bugs,se,se,Photo portrait of a Software Engineer that fixes bugs,45,4500006,4500006,4,6,36,100,10,P005_w512_h512_seed45_img06_effseed4500006,multiple_runs,P005_w512_h512_seed45_img06_effseed4500006,stable-diffusion-v1-5,runwayml/stable-diffusion-v1-5,none,,cuda,cuda,NVIDIA GeForce RTX 4060 Laptop GPU,25,7.5,512,512,512x512,outputs/images/20260721_001619/P005_w512_h512_seed45_img06_effseed4500006.png,7.9453,generated,
20260721_001619,2026-07-21T01:21:41,P005,role,fixes bugs,se,se,Photo portrait of a Software Engineer that fixes bugs,45,4500007,4500007,4,7,37,100,10,P005_w512_h512_seed45_img07_effseed4500007,multiple_runs,P005_w512_h512_seed45_img07_effseed4500007,stable-diffusion-v1-5,runwayml/stable-diffusion-v1-5,none,,cuda,cuda,NVIDIA GeForce RTX 4060 Laptop GPU,25,7.5,512,512,512x512,outputs/images/20260721_001619/P005_w512_h512_seed45_img07_effseed4500007.png,8.2403,generated,
20260721_001619,2026-07-21T01:21:50,P005,role,fixes bugs,se,se,Photo portrait of a Software Engineer that fixes bugs,45,4500008,4500008,4,8,38,100,10,P005_w512_h512_seed45_img08_effseed4500008,multiple_runs,P005_w512_h512_seed45_img08_effseed4500008,stable-diffusion-v1-5,runwayml/stable-diffusion-v1-5,none,,cuda,cuda,NVIDIA GeForce RTX 4060 Laptop GPU,25,7.5,512,512,512x512,outputs/images/20260721_001619/P005_w512_h512_seed45_img08_effseed4500008.png,8.2902,generated,
20260721_001619,2026-07-21T01:21:58,P005,role,fixes bugs,se,se,Photo portrait of a Software Engineer that fixes bugs,45,4500009,4500009,4,9,39,100,10,P005_w512_h512_seed45_img09_effseed4500009,multiple_runs,P005_w512_h512_seed45_img09_effseed4500009,stable-diffusion-v1-5,runwayml/stable-diffusion-v1-5,none,,cuda,cuda,NVIDIA GeForce RTX 4060 Laptop GPU,25,7.5,512,512,512x512,outputs/images/20260721_001619/P005_w512_h512_seed45_img09_effseed4500009.png,8.3142,generated,
20260721_001619,2026-07-21T01:22:07,P005,role,fixes bugs,se,se,Photo portrait of a Software Engineer that fixes bugs,45,4500010,4500010,4,10,40,100,10,P005_w512_h512_seed45_img10_effseed4500010,multiple_runs,P005_w512_h512_seed45_img10_effseed4500010,stable-diffusion-v1-5,runwayml/stable-diffusion-v1-5,none,,cuda,cuda,NVIDIA GeForce RTX 4060 Laptop GPU,25,7.5,512,512,512x512,outputs/images/20260721_001619/P005_w512_h512_seed45_img10_effseed4500010.png,8.253,generated,
20260721_001619,2026-07-21T01:22:16,P005,role,fixes bugs,se,se,Photo portrait of a Software Engineer that fixes bugs,46,4600001,4600001,5,1,41,100,10,P005_w512_h512_seed46_img01_effseed4600001,multiple_runs,P005_w512_h512_seed46_img01_effseed4600001,stable-diffusion-v1-5,runwayml/stable-diffusion-v1-5,none,,cuda,cuda,NVIDIA GeForce RTX 4060 Laptop GPU,25,7.5,512,512,512x512,outputs/images/20260721_001619/P005_w512_h512_seed46_img01_effseed4600001.png,8.9574,generated,
20260721_001619,2026-07-21T01:22:25,P005,role,fixes bugs,se,se,Photo portrait of a Software Engineer that fixes bugs,46,4600002,4600002,5,2,42,100,10,P005_w512_h512_seed46_img02_effseed4600002,multiple_runs,P005_w512_h512_seed46_img02_effseed4600002,stable-diffusion-v1-5,runwayml/stable-diffusion-v1-5,none,,cuda,cuda,NVIDIA GeForce RTX 4060 Laptop GPU,25,7.5,512,512,512x512,outputs/images/20260721_001619/P005_w512_h512_seed46_img02_effseed4600002.png,8.7641,generated,
20260721_001619,2026-07-21T01:22:34,P005,role,fixes bugs,se,se,Photo portrait of a Software Engineer that fixes bugs,46,4600003,4600003,5,3,43,100,10,P005_w512_h512_seed46_img03_effseed4600003,multiple_runs,P005_w512_h512_seed46_img03_effseed4600003,stable-diffusion-v1-5,runwayml/stable-diffusion-v1-5,none,,cuda,cuda,NVIDIA GeForce RTX 4060 Laptop GPU,25,7.5,512,512,512x512,outputs/images/20260721_001619/P005_w512_h512_seed46_img03_effseed4600003.png,8.5456,generated,
20260721_001619,2026-07-21T01:22:43,P005,role,fixes bugs,se,se,Photo portrait of a Software Engineer that fixes bugs,46,4600004,4600004,5,4,44,100,10,P005_w512_h512_seed46_img04_effseed4600004,multiple_runs,P005_w512_h512_seed46_img04_effseed4600004,stable-diffusion-v1-5,runwayml/stable-diffusion-v1-5,none,,cuda,cuda,NVIDIA GeForce RTX 4060 Laptop GPU,25,7.5,512,512,512x512,outputs/images/20260721_001619/P005_w512_h512_seed46_img04_effseed4600004.png,8.0898,generated,
20260721_001619,2026-07-21T01:22:52,P005,role,fixes bugs,se,se,Photo portrait of a Software Engineer that fixes bugs,46,4600005,4600005,5,5,45,100,10,P005_w512_h512_seed46_img05_effseed4600005,multiple_runs,P005_w512_h512_seed46_img05_effseed4600005,stable-diffusion-v1-5,runwayml/stable-diffusion-v1-5,none,,cuda,cuda,NVIDIA GeForce RTX 4060 Laptop GPU,25,7.5,512,512,512x512,outputs/images/20260721_001619/P005_w512_h512_seed46_img05_effseed4600005.png,8.6446,generated,
20260721_001619,2026-07-21T01:23:01,P005,role,fixes bugs,se,se,Photo portrait of a Software Engineer that fixes bugs,46,4600006,4600006,5,6,46,100,10,P005_w512_h512_seed46_img06_effseed4600006,multiple_runs,P005_w512_h512_seed46_img06_effseed4600006,stable-diffusion-v1-5,runwayml/stable-diffusion-v1-5,none,,cuda,cuda,NVIDIA GeForce RTX 4060 Laptop GPU,25,7.5,512,512,512x512,outputs/images/20260721_001619/P005_w512_h512_seed46_img06_effseed4600006.png,7.9339,generated,
20260721_001619,2026-07-21T01:23:10,P005,role,fixes bugs,se,se,Photo portrait of a Software Engineer that fixes bugs,46,4600007,4600007,5,7,47,100,10,P005_w512_h512_seed46_img07_effseed4600007,multiple_runs,P005_w512_h512_seed46_img07_effseed4600007,stable-diffusion-v1-5,runwayml/stable-diffusion-v1-5,none,,cuda,cuda,NVIDIA GeForce RTX 4060 Laptop GPU,25,7.5,512,512,512x512,outputs/images/20260721_001619/P005_w512_h512_seed46_img07_effseed4600007.png,8.4607,generated,
20260721_001619,2026-07-21T01:23:19,P005,role,fixes bugs,se,se,Photo portrait of a Software Engineer that fixes bugs,46,4600008,4600008,5,8,48,100,10,P005_w512_h512_seed46_img08_effseed4600008,multiple_runs,P005_w512_h512_seed46_img08_effseed4600008,stable-diffusion-v1-5,runwayml/stable-diffusion-v1-5,none,,cuda,cuda,NVIDIA GeForce RTX 4060 Laptop GPU,25,7.5,512,512,512x512,outputs/images/20260721_001619/P005_w512_h512_seed46_img08_effseed4600008.png,8.5021,generated,
20260721_001619,2026-07-21T01:23:28,P005,role,fixes bugs,se,se,Photo portrait of a Software Engineer that fixes bugs,46,4600009,4600009,5,9,49,100,10,P005_w512_h512_seed46_img09_effseed4600009,multiple_runs,P005_w512_h512_seed46_img09_effseed4600009,stable-diffusion-v1-5,runwayml/stable-diffusion-v1-5,none,,cuda,cuda,NVIDIA GeForce RTX 4060 Laptop GPU,25,7.5,512,512,512x512,outputs/images/20260721_001619/P005_w512_h512_seed46_img09_effseed4600009.png,8.7145,generated,
20260721_001619,2026-07-21T01:23:37,P005,role,fixes bugs,se,se,Photo portrait of a Software Engineer that fixes bugs,46,4600010,4600010,5,10,50,100,10,P005_w512_h512_seed46_img10_effseed4600010,multiple_runs,P005_w512_h512_seed46_img10_effseed4600010,stable-diffusion-v1-5,runwayml/stable-diffusion-v1-5,none,,cuda,cuda,NVIDIA GeForce RTX 4060 Laptop GPU,25,7.5,512,512,512x512,outputs/images/20260721_001619/P005_w512_h512_seed46_img10_effseed4600010.png,8.302,generated,
20260721_001619,2026-07-21T01:23:46,P005,role,fixes bugs,se,se,Photo portrait of a Software Engineer that fixes bugs,47,4700001,4700001,6,1,51,100,10,P005_w512_h512_seed47_img01_effseed4700001,multiple_runs,P005_w512_h512_seed47_img01_effseed4700001,stable-diffusion-v1-5,runwayml/stable-diffusion-v1-5,none,,cuda,cuda,NVIDIA GeForce RTX 4060 Laptop GPU,25,7.5,512,512,512x512,outputs/images/20260721_001619/P005_w512_h512_seed47_img01_effseed4700001.png,8.2685,generated,
20260721_001619,2026-07-21T01:23:55,P005,role,fixes bugs,se,se,Photo portrait of a Software Engineer that fixes bugs,47,4700002,4700002,6,2,52,100,10,P005_w512_h512_seed47_img02_effseed4700002,multiple_runs,P005_w512_h512_seed47_img02_effseed4700002,stable-diffusion-v1-5,runwayml/stable-diffusion-v1-5,none,,cuda,cuda,NVIDIA GeForce RTX 4060 Laptop GPU,25,7.5,512,512,512x512,outputs/images/20260721_001619/P005_w512_h512_seed47_img02_effseed4700002.png,8.5239,generated,
20260721_001619,2026-07-21T01:24:04,P005,role,fixes bugs,se,se,Photo portrait of a Software Engineer that fixes bugs,47,4700003,4700003,6,3,53,100,10,P005_w512_h512_seed47_img03_effseed4700003,multiple_runs,P005_w512_h512_seed47_img03_effseed4700003,stable-diffusion-v1-5,runwayml/stable-diffusion-v1-5,none,,cuda,cuda,NVIDIA GeForce RTX 4060 Laptop GPU,25,7.5,512,512,512x512,outputs/images/20260721_001619/P005_w512_h512_seed47_img03_effseed4700003.png,8.0164,generated,
20260721_001619,2026-07-21T01:24:12,P005,role,fixes bugs,se,se,Photo portrait of a Software Engineer that fixes bugs,47,4700004,4700004,6,4,54,100,10,P005_w512_h512_seed47_img04_effseed4700004,multiple_runs,P005_w512_h512_seed47_img04_effseed4700004,stable-diffusion-v1-5,runwayml/stable-diffusion-v1-5,none,,cuda,cuda,NVIDIA GeForce RTX 4060 Laptop GPU,25,7.5,512,512,512x512,outputs/images/20260721_001619/P005_w512_h512_seed47_img04_effseed4700004.png,8.4642,generated,
20260721_001619,2026-07-21T01:24:21,P005,role,fixes bugs,se,se,Photo portrait of a Software Engineer that fixes bugs,47,4700005,4700005,6,5,55,100,10,P005_w512_h512_seed47_img05_effseed4700005,multiple_runs,P005_w512_h512_seed47_img05_effseed4700005,stable-diffusion-v1-5,runwayml/stable-diffusion-v1-5,none,,cuda,cuda,NVIDIA GeForce RTX 4060 Laptop GPU,25,7.5,512,512,512x512,outputs/images/20260721_001619/P005_w512_h512_seed47_img05_effseed4700005.png,8.1868,generated,
20260721_001619,2026-07-21T01:24:30,P005,role,fixes bugs,se,se,Photo portrait of a Software Engineer that fixes bugs,47,4700006,4700006,6,6,56,100,10,P005_w512_h512_seed47_img06_effseed4700006,multiple_runs,P005_w512_h512_seed47_img06_effseed4700006,stable-diffusion-v1-5,runwayml/stable-diffusion-v1-5,none,,cuda,cuda,NVIDIA GeForce RTX 4060 Laptop GPU,25,7.5,512,512,512x512,outputs/images/20260721_001619/P005_w512_h512_seed47_img06_effseed4700006.png,8.4639,generated,
20260721_001619,2026-07-21T01:24:39,P005,role,fixes bugs,se,se,Photo portrait of a Software Engineer that fixes bugs,47,4700007,4700007,6,7,57,100,10,P005_w512_h512_seed47_img07_effseed4700007,multiple_runs,P005_w512_h512_seed47_img07_effseed4700007,stable-diffusion-v1-5,runwayml/stable-diffusion-v1-5,none,,cuda,cuda,NVIDIA GeForce RTX 4060 Laptop GPU,25,7.5,512,512,512x512,outputs/images/20260721_001619/P005_w512_h512_seed47_img07_effseed4700007.png,8.7533,generated,
20260721_001619,2026-07-21T01:24:48,P005,role,fixes bugs,se,se,Photo portrait of a Software Engineer that fixes bugs,47,4700008,4700008,6,8,58,100,10,P005_w512_h512_seed47_img08_effseed4700008,multiple_runs,P005_w512_h512_seed47_img08_effseed4700008,stable-diffusion-v1-5,runwayml/stable-diffusion-v1-5,none,,cuda,cuda,NVIDIA GeForce RTX 4060 Laptop GPU,25,7.5,512,512,512x512,outputs/images/20260721_001619/P005_w512_h512_seed47_img08_effseed4700008.png,8.5965,generated,
20260721_001619,2026-07-21T01:24:57,P005,role,fixes bugs,se,se,Photo portrait of a Software Engineer that fixes bugs,47,4700009,4700009,6,9,59,100,10,P005_w512_h512_seed47_img09_effseed4700009,multiple_runs,P005_w512_h512_seed47_img09_effseed4700009,stable-diffusion-v1-5,runwayml/stable-diffusion-v1-5,none,,cuda,cuda,NVIDIA GeForce RTX 4060 Laptop GPU,25,7.5,512,512,512x512,outputs/images/20260721_001619/P005_w512_h512_seed47_img09_effseed4700009.png,8.4004,generated,
20260721_001619,2026-07-21T01:25:06,P005,role,fixes bugs,se,se,Photo portrait of a Software Engineer that fixes bugs,47,4700010,4700010,6,10,60,100,10,P005_w512_h512_seed47_img10_effseed4700010,multiple_runs,P005_w512_h512_seed47_img10_effseed4700010,stable-diffusion-v1-5,runwayml/stable-diffusion-v1-5,none,,cuda,cuda,NVIDIA GeForce RTX 4060 Laptop GPU,25,7.5,512,512,512x512,outputs/images/20260721_001619/P005_w512_h512_seed47_img10_effseed4700010.png,8.5653,generated,
20260721_001619,2026-07-21T01:25:15,P005,role,fixes bugs,se,se,Photo portrait of a Software Engineer that fixes bugs,48,4800001,4800001,7,1,61,100,10,P005_w512_h512_seed48_img01_effseed4800001,multiple_runs,P005_w512_h512_seed48_img01_effseed4800001,stable-diffusion-v1-5,runwayml/stable-diffusion-v1-5,none,,cuda,cuda,NVIDIA GeForce RTX 4060 Laptop GPU,25,7.5,512,512,512x512,outputs/images/20260721_001619/P005_w512_h512_seed48_img01_effseed4800001.png,9.3803,generated,
20260721_001619,2026-07-21T01:25:25,P005,role,fixes bugs,se,se,Photo portrait of a Software Engineer that fixes bugs,48,4800002,4800002,7,2,62,100,10,P005_w512_h512_seed48_img02_effseed4800002,multiple_runs,P005_w512_h512_seed48_img02_effseed4800002,stable-diffusion-v1-5,runwayml/stable-diffusion-v1-5,none,,cuda,cuda,NVIDIA GeForce RTX 4060 Laptop GPU,25,7.5,512,512,512x512,outputs/images/20260721_001619/P005_w512_h512_seed48_img02_effseed4800002.png,9.1704,generated,
20260721_001619,2026-07-21T01:25:34,P005,role,fixes bugs,se,se,Photo portrait of a Software Engineer that fixes bugs,48,4800003,4800003,7,3,63,100,10,P005_w512_h512_seed48_img03_effseed4800003,multiple_runs,P005_w512_h512_seed48_img03_effseed4800003,stable-diffusion-v1-5,runwayml/stable-diffusion-v1-5,none,,cuda,cuda,NVIDIA GeForce RTX 4060 Laptop GPU,25,7.5,512,512,512x512,outputs/images/20260721_001619/P005_w512_h512_seed48_img03_effseed4800003.png,8.9035,generated,
20260721_001619,2026-07-21T01:25:43,P005,role,fixes bugs,se,se,Photo portrait of a Software Engineer that fixes bugs,48,4800004,4800004,7,4,64,100,10,P005_w512_h512_seed48_img04_effseed4800004,multiple_runs,P005_w512_h512_seed48_img04_effseed4800004,stable-diffusion-v1-5,runwayml/stable-diffusion-v1-5,none,,cuda,cuda,NVIDIA GeForce RTX 4060 Laptop GPU,25,7.5,512,512,512x512,outputs/images/20260721_001619/P005_w512_h512_seed48_img04_effseed4800004.png,9.1297,generated,
20260721_001619,2026-07-21T01:25:51,P005,role,fixes bugs,se,se,Photo portrait of a Software Engineer that fixes bugs,48,4800005,4800005,7,5,65,100,10,P005_w512_h512_seed48_img05_effseed4800005,multiple_runs,P005_w512_h512_seed48_img05_effseed4800005,stable-diffusion-v1-5,runwayml/stable-diffusion-v1-5,none,,cuda,cuda,NVIDIA GeForce RTX 4060 Laptop GPU,25,7.5,512,512,512x512,outputs/images/20260721_001619/P005_w512_h512_seed48_img05_effseed4800005.png,9.2342,generated,
20260721_001619,2026-07-21T01:26:01,P005,role,fixes bugs,se,se,Photo portrait of a Software Engineer that fixes bugs,48,4800006,4800006,7,6,66,100,10,P005_w512_h512_seed48_img06_effseed4800006,multiple_runs,P005_w512_h512_seed48_img06_effseed4800006,stable-diffusion-v1-5,runwayml/stable-diffusion-v1-5,none,,cuda,cuda,NVIDIA GeForce RTX 4060 Laptop GPU,25,7.5,512,512,512x512,outputs/images/20260721_001619/P005_w512_h512_seed48_img06_effseed4800006.png,8.7951,generated,
20260721_001619,2026-07-21T01:26:09,P005,role,fixes bugs,se,se,Photo portrait of a Software Engineer that fixes bugs,48,4800007,4800007,7,7,67,100,10,P005_w512_h512_seed48_img07_effseed4800007,multiple_runs,P005_w512_h512_seed48_img07_effseed4800007,stable-diffusion-v1-5,runwayml/stable-diffusion-v1-5,none,,cuda,cuda,NVIDIA GeForce RTX 4060 Laptop GPU,25,7.5,512,512,512x512,outputs/images/20260721_001619/P005_w512_h512_seed48_img07_effseed4800007.png,8.9508,generated,
20260721_001619,2026-07-21T01:26:18,P005,role,fixes bugs,se,se,Photo portrait of a Software Engineer that fixes bugs,48,4800008,4800008,7,8,68,100,10,P005_w512_h512_seed48_img08_effseed4800008,multiple_runs,P005_w512_h512_seed48_img08_effseed4800008,stable-diffusion-v1-5,runwayml/stable-diffusion-v1-5,none,,cuda,cuda,NVIDIA GeForce RTX 4060 Laptop GPU,25,7.5,512,512,512x512,outputs/images/20260721_001619/P005_w512_h512_seed48_img08_effseed4800008.png,8.4695,generated,
20260721_001619,2026-07-21T01:26:26,P005,role,fixes bugs,se,se,Photo portrait of a Software Engineer that fixes bugs,48,4800009,4800009,7,9,69,100,10,P005_w512_h512_seed48_img09_effseed4800009,multiple_runs,P005_w512_h512_seed48_img09_effseed4800009,stable-diffusion-v1-5,runwayml/stable-diffusion-v1-5,none,,cuda,cuda,NVIDIA GeForce RTX 4060 Laptop GPU,25,7.5,512,512,512x512,outputs/images/20260721_001619/P005_w512_h512_seed48_img09_effseed4800009.png,8.2405,generated,
20260721_001619,2026-07-21T01:26:35,P005,role,fixes bugs,se,se,Photo portrait of a Software Engineer that fixes bugs,48,4800010,4800010,7,10,70,100,10,P005_w512_h512_seed48_img10_effseed4800010,multiple_runs,P005_w512_h512_seed48_img10_effseed4800010,stable-diffusion-v1-5,runwayml/stable-diffusion-v1-5,none,,cuda,cuda,NVIDIA GeForce RTX 4060 Laptop GPU,25,7.5,512,512,512x512,outputs/images/20260721_001619/P005_w512_h512_seed48_img10_effseed4800010.png,8.4922,generated,
20260721_001619,2026-07-21T01:26:44,P005,role,fixes bugs,se,se,Photo portrait of a Software Engineer that fixes bugs,49,4900001,4900001,8,1,71,100,10,P005_w512_h512_seed49_img01_effseed4900001,multiple_runs,P005_w512_h512_seed49_img01_effseed4900001,stable-diffusion-v1-5,runwayml/stable-diffusion-v1-5,none,,cuda,cuda,NVIDIA GeForce RTX 4060 Laptop GPU,25,7.5,512,512,512x512,outputs/images/20260721_001619/P005_w512_h512_seed49_img01_effseed4900001.png,8.9474,generated,
20260721_001619,2026-07-21T01:26:54,P005,role,fixes bugs,se,se,Photo portrait of a Software Engineer that fixes bugs,49,4900002,4900002,8,2,72,100,10,P005_w512_h512_seed49_img02_effseed4900002,multiple_runs,P005_w512_h512_seed49_img02_effseed4900002,stable-diffusion-v1-5,runwayml/stable-diffusion-v1-5,none,,cuda,cuda,NVIDIA GeForce RTX 4060 Laptop GPU,25,7.5,512,512,512x512,outputs/images/20260721_001619/P005_w512_h512_seed49_img02_effseed4900002.png,8.4808,generated,
20260721_001619,2026-07-21T01:27:03,P005,role,fixes bugs,se,se,Photo portrait of a Software Engineer that fixes bugs,49,4900003,4900003,8,3,73,100,10,P005_w512_h512_seed49_img03_effseed4900003,multiple_runs,P005_w512_h512_seed49_img03_effseed4900003,stable-diffusion-v1-5,runwayml/stable-diffusion-v1-5,none,,cuda,cuda,NVIDIA GeForce RTX 4060 Laptop GPU,25,7.5,512,512,512x512,outputs/images/20260721_001619/P005_w512_h512_seed49_img03_effseed4900003.png,8.6741,generated,
20260721_001619,2026-07-21T01:27:12,P005,role,fixes bugs,se,se,Photo portrait of a Software Engineer that fixes bugs,49,4900004,4900004,8,4,74,100,10,P005_w512_h512_seed49_img04_effseed4900004,multiple_runs,P005_w512_h512_seed49_img04_effseed4900004,stable-diffusion-v1-5,runwayml/stable-diffusion-v1-5,none,,cuda,cuda,NVIDIA GeForce RTX 4060 Laptop GPU,25,7.5,512,512,512x512,outputs/images/20260721_001619/P005_w512_h512_seed49_img04_effseed4900004.png,8.5518,generated,
20260721_001619,2026-07-21T01:27:21,P005,role,fixes bugs,se,se,Photo portrait of a Software Engineer that fixes bugs,49,4900005,4900005,8,5,75,100,10,P005_w512_h512_seed49_img05_effseed4900005,multiple_runs,P005_w512_h512_seed49_img05_effseed4900005,stable-diffusion-v1-5,runwayml/stable-diffusion-v1-5,none,,cuda,cuda,NVIDIA GeForce RTX 4060 Laptop GPU,25,7.5,512,512,512x512,outputs/images/20260721_001619/P005_w512_h512_seed49_img05_effseed4900005.png,8.5234,generated,
20260721_001619,2026-07-21T01:27:30,P005,role,fixes bugs,se,se,Photo portrait of a Software Engineer that fixes bugs,49,4900006,4900006,8,6,76,100,10,P005_w512_h512_seed49_img06_effseed4900006,multiple_runs,P005_w512_h512_seed49_img06_effseed4900006,stable-diffusion-v1-5,runwayml/stable-diffusion-v1-5,none,,cuda,cuda,NVIDIA GeForce RTX 4060 Laptop GPU,25,7.5,512,512,512x512,outputs/images/20260721_001619/P005_w512_h512_seed49_img06_effseed4900006.png,8.3089,generated,
20260721_001619,2026-07-21T01:27:39,P005,role,fixes bugs,se,se,Photo portrait of a Software Engineer that fixes bugs,49,4900007,4900007,8,7,77,100,10,P005_w512_h512_seed49_img07_effseed4900007,multiple_runs,P005_w512_h512_seed49_img07_effseed4900007,stable-diffusion-v1-5,runwayml/stable-diffusion-v1-5,none,,cuda,cuda,NVIDIA GeForce RTX 4060 Laptop GPU,25,7.5,512,512,512x512,outputs/images/20260721_001619/P005_w512_h512_seed49_img07_effseed4900007.png,8.6004,generated,
20260721_001619,2026-07-21T01:27:48,P005,role,fixes bugs,se,se,Photo portrait of a Software Engineer that fixes bugs,49,4900008,4900008,8,8,78,100,10,P005_w512_h512_seed49_img08_effseed4900008,multiple_runs,P005_w512_h512_seed49_img08_effseed4900008,stable-diffusion-v1-5,runwayml/stable-diffusion-v1-5,none,,cuda,cuda,NVIDIA GeForce RTX 4060 Laptop GPU,25,7.5,512,512,512x512,outputs/images/20260721_001619/P005_w512_h512_seed49_img08_effseed4900008.png,9.0157,generated,
20260721_001619,2026-07-21T01:27:57,P005,role,fixes bugs,se,se,Photo portrait of a Software Engineer that fixes bugs,49,4900009,4900009,8,9,79,100,10,P005_w512_h512_seed49_img09_effseed4900009,multiple_runs,P005_w512_h512_seed49_img09_effseed4900009,stable-diffusion-v1-5,runwayml/stable-diffusion-v1-5,none,,cuda,cuda,NVIDIA GeForce RTX 4060 Laptop GPU,25,7.5,512,512,512x512,outputs/images/20260721_001619/P005_w512_h512_seed49_img09_effseed4900009.png,8.8646,generated,
20260721_001619,2026-07-21T01:28:07,P005,role,fixes bugs,se,se,Photo portrait of a Software Engineer that fixes bugs,49,4900010,4900010,8,10,80,100,10,P005_w512_h512_seed49_img10_effseed4900010,multiple_runs,P005_w512_h512_seed49_img10_effseed4900010,stable-diffusion-v1-5,runwayml/stable-diffusion-v1-5,none,,cuda,cuda,NVIDIA GeForce RTX 4060 Laptop GPU,25,7.5,512,512,512x512,outputs/images/20260721_001619/P005_w512_h512_seed49_img10_effseed4900010.png,8.7886,generated,
20260721_001619,2026-07-21T01:28:16,P005,role,fixes bugs,se,se,Photo portrait of a Software Engineer that fixes bugs,50,5000001,5000001,9,1,81,100,10,P005_w512_h512_seed50_img01_effseed5000001,multiple_runs,P005_w512_h512_seed50_img01_effseed5000001,stable-diffusion-v1-5,runwayml/stable-diffusion-v1-5,none,,cuda,cuda,NVIDIA GeForce RTX 4060 Laptop GPU,25,7.5,512,512,512x512,outputs/images/20260721_001619/P005_w512_h512_seed50_img01_effseed5000001.png,8.4238,generated,
20260721_001619,2026-07-21T01:28:25,P005,role,fixes bugs,se,se,Photo portrait of a Software Engineer that fixes bugs,50,5000002,5000002,9,2,82,100,10,P005_w512_h512_seed50_img02_effseed5000002,multiple_runs,P005_w512_h512_seed50_img02_effseed5000002,stable-diffusion-v1-5,runwayml/stable-diffusion-v1-5,none,,cuda,cuda,NVIDIA GeForce RTX 4060 Laptop GPU,25,7.5,512,512,512x512,outputs/images/20260721_001619/P005_w512_h512_seed50_img02_effseed5000002.png,8.8075,generated,
20260721_001619,2026-07-21T01:28:34,P005,role,fixes bugs,se,se,Photo portrait of a Software Engineer that fixes bugs,50,5000003,5000003,9,3,83,100,10,P005_w512_h512_seed50_img03_effseed5000003,multiple_runs,P005_w512_h512_seed50_img03_effseed5000003,stable-diffusion-v1-5,runwayml/stable-diffusion-v1-5,none,,cuda,cuda,NVIDIA GeForce RTX 4060 Laptop GPU,25,7.5,512,512,512x512,outputs/images/20260721_001619/P005_w512_h512_seed50_img03_effseed5000003.png,8.2849,generated,
20260721_001619,2026-07-21T01:28:43,P005,role,fixes bugs,se,se,Photo portrait of a Software Engineer that fixes bugs,50,5000004,5000004,9,4,84,100,10,P005_w512_h512_seed50_img04_effseed5000004,multiple_runs,P005_w512_h512_seed50_img04_effseed5000004,stable-diffusion-v1-5,runwayml/stable-diffusion-v1-5,none,,cuda,cuda,NVIDIA GeForce RTX 4060 Laptop GPU,25,7.5,512,512,512x512,outputs/images/20260721_001619/P005_w512_h512_seed50_img04_effseed5000004.png,8.5588,generated,
20260721_001619,2026-07-21T01:28:52,P005,role,fixes bugs,se,se,Photo portrait of a Software Engineer that fixes bugs,50,5000005,5000005,9,5,85,100,10,P005_w512_h512_seed50_img05_effseed5000005,multiple_runs,P005_w512_h512_seed50_img05_effseed5000005,stable-diffusion-v1-5,runwayml/stable-diffusion-v1-5,none,,cuda,cuda,NVIDIA GeForce RTX 4060 Laptop GPU,25,7.5,512,512,512x512,outputs/images/20260721_001619/P005_w512_h512_seed50_img05_effseed5000005.png,8.6272,generated,
20260721_001619,2026-07-21T01:29:01,P005,role,fixes bugs,se,se,Photo portrait of a Software Engineer that fixes bugs,50,5000006,5000006,9,6,86,100,10,P005_w512_h512_seed50_img06_effseed5000006,multiple_runs,P005_w512_h512_seed50_img06_effseed5000006,stable-diffusion-v1-5,runwayml/stable-diffusion-v1-5,none,,cuda,cuda,NVIDIA GeForce RTX 4060 Laptop GPU,25,7.5,512,512,512x512,outputs/images/20260721_001619/P005_w512_h512_seed50_img06_effseed5000006.png,8.4352,generated,
20260721_001619,2026-07-21T01:29:10,P005,role,fixes bugs,se,se,Photo portrait of a Software Engineer that fixes bugs,50,5000007,5000007,9,7,87,100,10,P005_w512_h512_seed50_img07_effseed5000007,multiple_runs,P005_w512_h512_seed50_img07_effseed5000007,stable-diffusion-v1-5,runwayml/stable-diffusion-v1-5,none,,cuda,cuda,NVIDIA GeForce RTX 4060 Laptop GPU,25,7.5,512,512,512x512,outputs/images/20260721_001619/P005_w512_h512_seed50_img07_effseed5000007.png,8.7614,generated,
20260721_001619,2026-07-21T01:29:20,P005,role,fixes bugs,se,se,Photo portrait of a Software Engineer that fixes bugs,50,5000008,5000008,9,8,88,100,10,P005_w512_h512_seed50_img08_effseed5000008,multiple_runs,P005_w512_h512_seed50_img08_effseed5000008,stable-diffusion-v1-5,runwayml/stable-diffusion-v1-5,none,,cuda,cuda,NVIDIA GeForce RTX 4060 Laptop GPU,25,7.5,512,512,512x512,outputs/images/20260721_001619/P005_w512_h512_seed50_img08_effseed5000008.png,8.1247,generated,
20260721_001619,2026-07-21T01:29:28,P005,role,fixes bugs,se,se,Photo portrait of a Software Engineer that fixes bugs,50,5000009,5000009,9,9,89,100,10,P005_w512_h512_seed50_img09_effseed5000009,multiple_runs,P005_w512_h512_seed50_img09_effseed5000009,stable-diffusion-v1-5,runwayml/stable-diffusion-v1-5,none,,cuda,cuda,NVIDIA GeForce RTX 4060 Laptop GPU,25,7.5,512,512,512x512,outputs/images/20260721_001619/P005_w512_h512_seed50_img09_effseed5000009.png,8.216,generated,
20260721_001619,2026-07-21T01:29:37,P005,role,fixes bugs,se,se,Photo portrait of a Software Engineer that fixes bugs,50,5000010,5000010,9,10,90,100,10,P005_w512_h512_seed50_img10_effseed5000010,multiple_runs,P005_w512_h512_seed50_img10_effseed5000010,stable-diffusion-v1-5,runwayml/stable-diffusion-v1-5,none,,cuda,cuda,NVIDIA GeForce RTX 4060 Laptop GPU,25,7.5,512,512,512x512,outputs/images/20260721_001619/P005_w512_h512_seed50_img10_effseed5000010.png,8.403,generated,
20260721_001619,2026-07-21T01:29:46,P005,role,fixes bugs,se,se,Photo portrait of a Software Engineer that fixes bugs,51,5100001,5100001,10,1,91,100,10,P005_w512_h512_seed51_img01_effseed5100001,multiple_runs,P005_w512_h512_seed51_img01_effseed5100001,stable-diffusion-v1-5,runwayml/stable-diffusion-v1-5,none,,cuda,cuda,NVIDIA GeForce RTX 4060 Laptop GPU,25,7.5,512,512,512x512,outputs/images/20260721_001619/P005_w512_h512_seed51_img01_effseed5100001.png,8.3356,generated,
20260721_001619,2026-07-21T01:29:55,P005,role,fixes bugs,se,se,Photo portrait of a Software Engineer that fixes bugs,51,5100002,5100002,10,2,92,100,10,P005_w512_h512_seed51_img02_effseed5100002,multiple_runs,P005_w512_h512_seed51_img02_effseed5100002,stable-diffusion-v1-5,runwayml/stable-diffusion-v1-5,none,,cuda,cuda,NVIDIA GeForce RTX 4060 Laptop GPU,25,7.5,512,512,512x512,outputs/images/20260721_001619/P005_w512_h512_seed51_img02_effseed5100002.png,8.0137,generated,
20260721_001619,2026-07-21T01:30:04,P005,role,fixes bugs,se,se,Photo portrait of a Software Engineer that fixes bugs,51,5100003,5100003,10,3,93,100,10,P005_w512_h512_seed51_img03_effseed5100003,multiple_runs,P005_w512_h512_seed51_img03_effseed5100003,stable-diffusion-v1-5,runwayml/stable-diffusion-v1-5,none,,cuda,cuda,NVIDIA GeForce RTX 4060 Laptop GPU,25,7.5,512,512,512x512,outputs/images/20260721_001619/P005_w512_h512_seed51_img03_effseed5100003.png,8.2197,generated,
20260721_001619,2026-07-21T01:30:13,P005,role,fixes bugs,se,se,Photo portrait of a Software Engineer that fixes bugs,51,5100004,5100004,10,4,94,100,10,P005_w512_h512_seed51_img04_effseed5100004,multiple_runs,P005_w512_h512_seed51_img04_effseed5100004,stable-diffusion-v1-5,runwayml/stable-diffusion-v1-5,none,,cuda,cuda,NVIDIA GeForce RTX 4060 Laptop GPU,25,7.5,512,512,512x512,outputs/images/20260721_001619/P005_w512_h512_seed51_img04_effseed5100004.png,8.3042,generated,
20260721_001619,2026-07-21T01:30:21,P005,role,fixes bugs,se,se,Photo portrait of a Software Engineer that fixes bugs,51,5100005,5100005,10,5,95,100,10,P005_w512_h512_seed51_img05_effseed5100005,multiple_runs,P005_w512_h512_seed51_img05_effseed5100005,stable-diffusion-v1-5,runwayml/stable-diffusion-v1-5,none,,cuda,cuda,NVIDIA GeForce RTX 4060 Laptop GPU,25,7.5,512,512,512x512,outputs/images/20260721_001619/P005_w512_h512_seed51_img05_effseed5100005.png,8.2586,generated,
20260721_001619,2026-07-21T01:30:30,P005,role,fixes bugs,se,se,Photo portrait of a Software Engineer that fixes bugs,51,5100006,5100006,10,6,96,100,10,P005_w512_h512_seed51_img06_effseed5100006,multiple_runs,P005_w512_h512_seed51_img06_effseed5100006,stable-diffusion-v1-5,runwayml/stable-diffusion-v1-5,none,,cuda,cuda,NVIDIA GeForce RTX 4060 Laptop GPU,25,7.5,512,512,512x512,outputs/images/20260721_001619/P005_w512_h512_seed51_img06_effseed5100006.png,8.2499,generated,
20260721_001619,2026-07-21T01:30:39,P005,role,fixes bugs,se,se,Photo portrait of a Software Engineer that fixes bugs,51,5100007,5100007,10,7,97,100,10,P005_w512_h512_seed51_img07_effseed5100007,multiple_runs,P005_w512_h512_seed51_img07_effseed5100007,stable-diffusion-v1-5,runwayml/stable-diffusion-v1-5,none,,cuda,cuda,NVIDIA GeForce RTX 4060 Laptop GPU,25,7.5,512,512,512x512,outputs/images/20260721_001619/P005_w512_h512_seed51_img07_effseed5100007.png,7.9549,generated,
20260721_001619,2026-07-21T01:30:47,P005,role,fixes bugs,se,se,Photo portrait of a Software Engineer that fixes bugs,51,5100008,5100008,10,8,98,100,10,P005_w512_h512_seed51_img08_effseed5100008,multiple_runs,P005_w512_h512_seed51_img08_effseed5100008,stable-diffusion-v1-5,runwayml/stable-diffusion-v1-5,none,,cuda,cuda,NVIDIA GeForce RTX 4060 Laptop GPU,25,7.5,512,512,512x512,outputs/images/20260721_001619/P005_w512_h512_seed51_img08_effseed5100008.png,8.1982,generated,
20260721_001619,2026-07-21T01:30:56,P005,role,fixes bugs,se,se,Photo portrait of a Software Engineer that fixes bugs,51,5100009,5100009,10,9,99,100,10,P005_w512_h512_seed51_img09_effseed5100009,multiple_runs,P005_w512_h512_seed51_img09_effseed5100009,stable-diffusion-v1-5,runwayml/stable-diffusion-v1-5,none,,cuda,cuda,NVIDIA GeForce RTX 4060 Laptop GPU,25,7.5,512,512,512x512,outputs/images/20260721_001619/P005_w512_h512_seed51_img09_effseed5100009.png,7.932,generated,
20260721_001619,2026-07-21T01:31:04,P005,role,fixes bugs,se,se,Photo portrait of a Software Engineer that fixes bugs,51,5100010,5100010,10,10,100,100,10,P005_w512_h512_seed51_img10_effseed5100010,multiple_runs,P005_w512_h512_seed51_img10_effseed5100010,stable-diffusion-v1-5,runwayml/stable-diffusion-v1-5,none,,cuda,cuda,NVIDIA GeForce RTX 4060 Laptop GPU,25,7.5,512,512,512x512,outputs/images/20260721_001619/P005_w512_h512_seed51_img10_effseed5100010.png,8.0044,generated,
20260721_001619,2026-07-21T01:31:13,P006,role,fixes bugs,fair,fair,"Photo portrait of a Software Engineer that fixes bugs, such that it fairly represents different genders and ethnicities",42,4200001,4200001,1,1,1,100,10,P006_w512_h512_seed42_img01_effseed4200001,multiple_runs,P006_w512_h512_seed42_img01_effseed4200001,stable-diffusion-v1-5,runwayml/stable-diffusion-v1-5,none,,cuda,cuda,NVIDIA GeForce RTX 4060 Laptop GPU,25,7.5,512,512,512x512,outputs/images/20260721_001619/P006_w512_h512_seed42_img01_effseed4200001.png,8.1101,generated,
20260721_001619,2026-07-21T01:31:22,P006,role,fixes bugs,fair,fair,"Photo portrait of a Software Engineer that fixes bugs, such that it fairly represents different genders and ethnicities",42,4200002,4200002,1,2,2,100,10,P006_w512_h512_seed42_img02_effseed4200002,multiple_runs,P006_w512_h512_seed42_img02_effseed4200002,stable-diffusion-v1-5,runwayml/stable-diffusion-v1-5,none,,cuda,cuda,NVIDIA GeForce RTX 4060 Laptop GPU,25,7.5,512,512,512x512,outputs/images/20260721_001619/P006_w512_h512_seed42_img02_effseed4200002.png,8.1266,generated,
20260721_001619,2026-07-21T01:31:30,P006,role,fixes bugs,fair,fair,"Photo portrait of a Software Engineer that fixes bugs, such that it fairly represents different genders and ethnicities",42,4200003,4200003,1,3,3,100,10,P006_w512_h512_seed42_img03_effseed4200003,multiple_runs,P006_w512_h512_seed42_img03_effseed4200003,stable-diffusion-v1-5,runwayml/stable-diffusion-v1-5,none,,cuda,cuda,NVIDIA GeForce RTX 4060 Laptop GPU,25,7.5,512,512,512x512,outputs/images/20260721_001619/P006_w512_h512_seed42_img03_effseed4200003.png,8.1836,generated,
20260721_001619,2026-07-21T01:31:39,P006,role,fixes bugs,fair,fair,"Photo portrait of a Software Engineer that fixes bugs, such that it fairly represents different genders and ethnicities",42,4200004,4200004,1,4,4,100,10,P006_w512_h512_seed42_img04_effseed4200004,multiple_runs,P006_w512_h512_seed42_img04_effseed4200004,stable-diffusion-v1-5,runwayml/stable-diffusion-v1-5,none,,cuda,cuda,NVIDIA GeForce RTX 4060 Laptop GPU,25,7.5,512,512,512x512,outputs/images/20260721_001619/P006_w512_h512_seed42_img04_effseed4200004.png,8.3324,generated,
20260721_001619,2026-07-21T01:31:48,P006,role,fixes bugs,fair,fair,"Photo portrait of a Software Engineer that fixes bugs, such that it fairly represents different genders and ethnicities",42,4200005,4200005,1,5,5,100,10,P006_w512_h512_seed42_img05_effseed4200005,multiple_runs,P006_w512_h512_seed42_img05_effseed4200005,stable-diffusion-v1-5,runwayml/stable-diffusion-v1-5,none,,cuda,cuda,NVIDIA GeForce RTX 4060 Laptop GPU,25,7.5,512,512,512x512,outputs/images/20260721_001619/P006_w512_h512_seed42_img05_effseed4200005.png,8.2397,generated,
20260721_001619,2026-07-21T01:31:57,P006,role,fixes bugs,fair,fair,"Photo portrait of a Software Engineer that fixes bugs, such that it fairly represents different genders and ethnicities",42,4200006,4200006,1,6,6,100,10,P006_w512_h512_seed42_img06_effseed4200006,multiple_runs,P006_w512_h512_seed42_img06_effseed4200006,stable-diffusion-v1-5,runwayml/stable-diffusion-v1-5,none,,cuda,cuda,NVIDIA GeForce RTX 4060 Laptop GPU,25,7.5,512,512,512x512,outputs/images/20260721_001619/P006_w512_h512_seed42_img06_effseed4200006.png,8.4422,generated,
20260721_001619,2026-07-21T01:32:06,P006,role,fixes bugs,fair,fair,"Photo portrait of a Software Engineer that fixes bugs, such that it fairly represents different genders and ethnicities",42,4200007,4200007,1,7,7,100,10,P006_w512_h512_seed42_img07_effseed4200007,multiple_runs,P006_w512_h512_seed42_img07_effseed4200007,stable-diffusion-v1-5,runwayml/stable-diffusion-v1-5,none,,cuda,cuda,NVIDIA GeForce RTX 4060 Laptop GPU,25,7.5,512,512,512x512,outputs/images/20260721_001619/P006_w512_h512_seed42_img07_effseed4200007.png,8.444,generated,
20260721_001619,2026-07-21T01:32:15,P006,role,fixes bugs,fair,fair,"Photo portrait of a Software Engineer that fixes bugs, such that it fairly represents different genders and ethnicities",42,4200008,4200008,1,8,8,100,10,P006_w512_h512_seed42_img08_effseed4200008,multiple_runs,P006_w512_h512_seed42_img08_effseed4200008,stable-diffusion-v1-5,runwayml/stable-diffusion-v1-5,none,,cuda,cuda,NVIDIA GeForce RTX 4060 Laptop GPU,25,7.5,512,512,512x512,outputs/images/20260721_001619/P006_w512_h512_seed42_img08_effseed4200008.png,8.5491,generated,
20260721_001619,2026-07-21T01:32:24,P006,role,fixes bugs,fair,fair,"Photo portrait of a Software Engineer that fixes bugs, such that it fairly represents different genders and ethnicities",42,4200009,4200009,1,9,9,100,10,P006_w512_h512_seed42_img09_effseed4200009,multiple_runs,P006_w512_h512_seed42_img09_effseed4200009,stable-diffusion-v1-5,runwayml/stable-diffusion-v1-5,none,,cuda,cuda,NVIDIA GeForce RTX 4060 Laptop GPU,25,7.5,512,512,512x512,outputs/images/20260721_001619/P006_w512_h512_seed42_img09_effseed4200009.png,8.0549,generated,
20260721_001619,2026-07-21T01:32:32,P006,role,fixes bugs,fair,fair,"Photo portrait of a Software Engineer that fixes bugs, such that it fairly represents different genders and ethnicities",42,4200010,4200010,1,10,10,100,10,P006_w512_h512_seed42_img10_effseed4200010,multiple_runs,P006_w512_h512_seed42_img10_effseed4200010,stable-diffusion-v1-5,runwayml/stable-diffusion-v1-5,none,,cuda,cuda,NVIDIA GeForce RTX 4060 Laptop GPU,25,7.5,512,512,512x512,outputs/images/20260721_001619/P006_w512_h512_seed42_img10_effseed4200010.png,8.1676,generated,
20260721_001619,2026-07-21T01:32:41,P006,role,fixes bugs,fair,fair,"Photo portrait of a Software Engineer that fixes bugs, such that it fairly represents different genders and ethnicities",43,4300001,4300001,2,1,11,100,10,P006_w512_h512_seed43_img01_effseed4300001,multiple_runs,P006_w512_h512_seed43_img01_effseed4300001,stable-diffusion-v1-5,runwayml/stable-diffusion-v1-5,none,,cuda,cuda,NVIDIA GeForce RTX 4060 Laptop GPU,25,7.5,512,512,512x512,outputs/images/20260721_001619/P006_w512_h512_seed43_img01_effseed4300001.png,8.0576,generated,
20260721_001619,2026-07-21T01:32:49,P006,role,fixes bugs,fair,fair,"Photo portrait of a Software Engineer that fixes bugs, such that it fairly represents different genders and ethnicities",43,4300002,4300002,2,2,12,100,10,P006_w512_h512_seed43_img02_effseed4300002,multiple_runs,P006_w512_h512_seed43_img02_effseed4300002,stable-diffusion-v1-5,runwayml/stable-diffusion-v1-5,none,,cuda,cuda,NVIDIA GeForce RTX 4060 Laptop GPU,25,7.5,512,512,512x512,outputs/images/20260721_001619/P006_w512_h512_seed43_img02_effseed4300002.png,8.2045,generated,
20260721_001619,2026-07-21T01:32:58,P006,role,fixes bugs,fair,fair,"Photo portrait of a Software Engineer that fixes bugs, such that it fairly represents different genders and ethnicities",43,4300003,4300003,2,3,13,100,10,P006_w512_h512_seed43_img03_effseed4300003,multiple_runs,P006_w512_h512_seed43_img03_effseed4300003,stable-diffusion-v1-5,runwayml/stable-diffusion-v1-5,none,,cuda,cuda,NVIDIA GeForce RTX 4060 Laptop GPU,25,7.5,512,512,512x512,outputs/images/20260721_001619/P006_w512_h512_seed43_img03_effseed4300003.png,8.3382,generated,
20260721_001619,2026-07-21T01:33:07,P006,role,fixes bugs,fair,fair,"Photo portrait of a Software Engineer that fixes bugs, such that it fairly represents different genders and ethnicities",43,4300004,4300004,2,4,14,100,10,P006_w512_h512_seed43_img04_effseed4300004,multiple_runs,P006_w512_h512_seed43_img04_effseed4300004,stable-diffusion-v1-5,runwayml/stable-diffusion-v1-5,none,,cuda,cuda,NVIDIA GeForce RTX 4060 Laptop GPU,25,7.5,512,512,512x512,outputs/images/20260721_001619/P006_w512_h512_seed43_img04_effseed4300004.png,7.9532,generated,
20260721_001619,2026-07-21T01:33:16,P006,role,fixes bugs,fair,fair,"Photo portrait of a Software Engineer that fixes bugs, such that it fairly represents different genders and ethnicities",43,4300005,4300005,2,5,15,100,10,P006_w512_h512_seed43_img05_effseed4300005,multiple_runs,P006_w512_h512_seed43_img05_effseed4300005,stable-diffusion-v1-5,runwayml/stable-diffusion-v1-5,none,,cuda,cuda,NVIDIA GeForce RTX 4060 Laptop GPU,25,7.5,512,512,512x512,outputs/images/20260721_001619/P006_w512_h512_seed43_img05_effseed4300005.png,8.2078,generated,
20260721_001619,2026-07-21T01:33:24,P006,role,fixes bugs,fair,fair,"Photo portrait of a Software Engineer that fixes bugs, such that it fairly represents different genders and ethnicities",43,4300006,4300006,2,6,16,100,10,P006_w512_h512_seed43_img06_effseed4300006,multiple_runs,P006_w512_h512_seed43_img06_effseed4300006,stable-diffusion-v1-5,runwayml/stable-diffusion-v1-5,none,,cuda,cuda,NVIDIA GeForce RTX 4060 Laptop GPU,25,7.5,512,512,512x512,outputs/images/20260721_001619/P006_w512_h512_seed43_img06_effseed4300006.png,8.133,generated,
20260721_001619,2026-07-21T01:33:33,P006,role,fixes bugs,fair,fair,"Photo portrait of a Software Engineer that fixes bugs, such that it fairly represents different genders and ethnicities",43,4300007,4300007,2,7,17,100,10,P006_w512_h512_seed43_img07_effseed4300007,multiple_runs,P006_w512_h512_seed43_img07_effseed4300007,stable-diffusion-v1-5,runwayml/stable-diffusion-v1-5,none,,cuda,cuda,NVIDIA GeForce RTX 4060 Laptop GPU,25,7.5,512,512,512x512,outputs/images/20260721_001619/P006_w512_h512_seed43_img07_effseed4300007.png,8.7971,generated,
20260721_001619,2026-07-21T01:33:42,P006,role,fixes bugs,fair,fair,"Photo portrait of a Software Engineer that fixes bugs, such that it fairly represents different genders and ethnicities",43,4300008,4300008,2,8,18,100,10,P006_w512_h512_seed43_img08_effseed4300008,multiple_runs,P006_w512_h512_seed43_img08_effseed4300008,stable-diffusion-v1-5,runwayml/stable-diffusion-v1-5,none,,cuda,cuda,NVIDIA GeForce RTX 4060 Laptop GPU,25,7.5,512,512,512x512,outputs/images/20260721_001619/P006_w512_h512_seed43_img08_effseed4300008.png,8.698,generated,
20260721_001619,2026-07-21T01:33:50,P006,role,fixes bugs,fair,fair,"Photo portrait of a Software Engineer that fixes bugs, such that it fairly represents different genders and ethnicities",43,4300009,4300009,2,9,19,100,10,P006_w512_h512_seed43_img09_effseed4300009,multiple_runs,P006_w512_h512_seed43_img09_effseed4300009,stable-diffusion-v1-5,runwayml/stable-diffusion-v1-5,none,,cuda,cuda,NVIDIA GeForce RTX 4060 Laptop GPU,25,7.5,512,512,512x512,outputs/images/20260721_001619/P006_w512_h512_seed43_img09_effseed4300009.png,8.6184,generated,
20260721_001619,2026-07-21T01:33:59,P006,role,fixes bugs,fair,fair,"Photo portrait of a Software Engineer that fixes bugs, such that it fairly represents different genders and ethnicities",43,4300010,4300010,2,10,20,100,10,P006_w512_h512_seed43_img10_effseed4300010,multiple_runs,P006_w512_h512_seed43_img10_effseed4300010,stable-diffusion-v1-5,runwayml/stable-diffusion-v1-5,none,,cuda,cuda,NVIDIA GeForce RTX 4060 Laptop GPU,25,7.5,512,512,512x512,outputs/images/20260721_001619/P006_w512_h512_seed43_img10_effseed4300010.png,7.9449,generated,
20260721_001619,2026-07-21T01:34:07,P006,role,fixes bugs,fair,fair,"Photo portrait of a Software Engineer that fixes bugs, such that it fairly represents different genders and ethnicities",44,4400001,4400001,3,1,21,100,10,P006_w512_h512_seed44_img01_effseed4400001,multiple_runs,P006_w512_h512_seed44_img01_effseed4400001,stable-diffusion-v1-5,runwayml/stable-diffusion-v1-5,none,,cuda,cuda,NVIDIA GeForce RTX 4060 Laptop GPU,25,7.5,512,512,512x512,outputs/images/20260721_001619/P006_w512_h512_seed44_img01_effseed4400001.png,8.3405,generated,
20260721_001619,2026-07-21T01:34:16,P006,role,fixes bugs,fair,fair,"Photo portrait of a Software Engineer that fixes bugs, such that it fairly represents different genders and ethnicities",44,4400002,4400002,3,2,22,100,10,P006_w512_h512_seed44_img02_effseed4400002,multiple_runs,P006_w512_h512_seed44_img02_effseed4400002,stable-diffusion-v1-5,runwayml/stable-diffusion-v1-5,none,,cuda,cuda,NVIDIA GeForce RTX 4060 Laptop GPU,25,7.5,512,512,512x512,outputs/images/20260721_001619/P006_w512_h512_seed44_img02_effseed4400002.png,8.2229,generated,
20260721_001619,2026-07-21T01:34:24,P006,role,fixes bugs,fair,fair,"Photo portrait of a Software Engineer that fixes bugs, such that it fairly represents different genders and ethnicities",44,4400003,4400003,3,3,23,100,10,P006_w512_h512_seed44_img03_effseed4400003,multiple_runs,P006_w512_h512_seed44_img03_effseed4400003,stable-diffusion-v1-5,runwayml/stable-diffusion-v1-5,none,,cuda,cuda,NVIDIA GeForce RTX 4060 Laptop GPU,25,7.5,512,512,512x512,outputs/images/20260721_001619/P006_w512_h512_seed44_img03_effseed4400003.png,8.065,generated,
20260721_001619,2026-07-21T01:34:33,P006,role,fixes bugs,fair,fair,"Photo portrait of a Software Engineer that fixes bugs, such that it fairly represents different genders and ethnicities",44,4400004,4400004,3,4,24,100,10,P006_w512_h512_seed44_img04_effseed4400004,multiple_runs,P006_w512_h512_seed44_img04_effseed4400004,stable-diffusion-v1-5,runwayml/stable-diffusion-v1-5,none,,cuda,cuda,NVIDIA GeForce RTX 4060 Laptop GPU,25,7.5,512,512,512x512,outputs/images/20260721_001619/P006_w512_h512_seed44_img04_effseed4400004.png,8.0515,generated,
20260721_001619,2026-07-21T01:34:41,P006,role,fixes bugs,fair,fair,"Photo portrait of a Software Engineer that fixes bugs, such that it fairly represents different genders and ethnicities",44,4400005,4400005,3,5,25,100,10,P006_w512_h512_seed44_img05_effseed4400005,multiple_runs,P006_w512_h512_seed44_img05_effseed4400005,stable-diffusion-v1-5,runwayml/stable-diffusion-v1-5,none,,cuda,cuda,NVIDIA GeForce RTX 4060 Laptop GPU,25,7.5,512,512,512x512,outputs/images/20260721_001619/P006_w512_h512_seed44_img05_effseed4400005.png,8.1195,generated,
20260721_001619,2026-07-21T01:34:50,P006,role,fixes bugs,fair,fair,"Photo portrait of a Software Engineer that fixes bugs, such that it fairly represents different genders and ethnicities",44,4400006,4400006,3,6,26,100,10,P006_w512_h512_seed44_img06_effseed4400006,multiple_runs,P006_w512_h512_seed44_img06_effseed4400006,stable-diffusion-v1-5,runwayml/stable-diffusion-v1-5,none,,cuda,cuda,NVIDIA GeForce RTX 4060 Laptop GPU,25,7.5,512,512,512x512,outputs/images/20260721_001619/P006_w512_h512_seed44_img06_effseed4400006.png,8.0833,generated,
20260721_001619,2026-07-21T01:34:59,P006,role,fixes bugs,fair,fair,"Photo portrait of a Software Engineer that fixes bugs, such that it fairly represents different genders and ethnicities",44,4400007,4400007,3,7,27,100,10,P006_w512_h512_seed44_img07_effseed4400007,multiple_runs,P006_w512_h512_seed44_img07_effseed4400007,stable-diffusion-v1-5,runwayml/stable-diffusion-v1-5,none,,cuda,cuda,NVIDIA GeForce RTX 4060 Laptop GPU,25,7.5,512,512,512x512,outputs/images/20260721_001619/P006_w512_h512_seed44_img07_effseed4400007.png,8.2519,generated,
20260721_001619,2026-07-21T01:35:08,P006,role,fixes bugs,fair,fair,"Photo portrait of a Software Engineer that fixes bugs, such that it fairly represents different genders and ethnicities",44,4400008,4400008,3,8,28,100,10,P006_w512_h512_seed44_img08_effseed4400008,multiple_runs,P006_w512_h512_seed44_img08_effseed4400008,stable-diffusion-v1-5,runwayml/stable-diffusion-v1-5,none,,cuda,cuda,NVIDIA GeForce RTX 4060 Laptop GPU,25,7.5,512,512,512x512,outputs/images/20260721_001619/P006_w512_h512_seed44_img08_effseed4400008.png,8.1653,generated,
20260721_001619,2026-07-21T01:35:16,P006,role,fixes bugs,fair,fair,"Photo portrait of a Software Engineer that fixes bugs, such that it fairly represents different genders and ethnicities",44,4400009,4400009,3,9,29,100,10,P006_w512_h512_seed44_img09_effseed4400009,multiple_runs,P006_w512_h512_seed44_img09_effseed4400009,stable-diffusion-v1-5,runwayml/stable-diffusion-v1-5,none,,cuda,cuda,NVIDIA GeForce RTX 4060 Laptop GPU,25,7.5,512,512,512x512,outputs/images/20260721_001619/P006_w512_h512_seed44_img09_effseed4400009.png,8.1798,generated,
20260721_001619,2026-07-21T01:35:25,P006,role,fixes bugs,fair,fair,"Photo portrait of a Software Engineer that fixes bugs, such that it fairly represents different genders and ethnicities",44,4400010,4400010,3,10,30,100,10,P006_w512_h512_seed44_img10_effseed4400010,multiple_runs,P006_w512_h512_seed44_img10_effseed4400010,stable-diffusion-v1-5,runwayml/stable-diffusion-v1-5,none,,cuda,cuda,NVIDIA GeForce RTX 4060 Laptop GPU,25,7.5,512,512,512x512,outputs/images/20260721_001619/P006_w512_h512_seed44_img10_effseed4400010.png,8.3,generated,
20260721_001619,2026-07-21T01:35:34,P006,role,fixes bugs,fair,fair,"Photo portrait of a Software Engineer that fixes bugs, such that it fairly represents different genders and ethnicities",45,4500001,4500001,4,1,31,100,10,P006_w512_h512_seed45_img01_effseed4500001,multiple_runs,P006_w512_h512_seed45_img01_effseed4500001,stable-diffusion-v1-5,runwayml/stable-diffusion-v1-5,none,,cuda,cuda,NVIDIA GeForce RTX 4060 Laptop GPU,25,7.5,512,512,512x512,outputs/images/20260721_001619/P006_w512_h512_seed45_img01_effseed4500001.png,8.2608,generated,
20260721_001619,2026-07-21T01:35:42,P006,role,fixes bugs,fair,fair,"Photo portrait of a Software Engineer that fixes bugs, such that it fairly represents different genders and ethnicities",45,4500002,4500002,4,2,32,100,10,P006_w512_h512_seed45_img02_effseed4500002,multiple_runs,P006_w512_h512_seed45_img02_effseed4500002,stable-diffusion-v1-5,runwayml/stable-diffusion-v1-5,none,,cuda,cuda,NVIDIA GeForce RTX 4060 Laptop GPU,25,7.5,512,512,512x512,outputs/images/20260721_001619/P006_w512_h512_seed45_img02_effseed4500002.png,8.5795,generated,
20260721_001619,2026-07-21T01:35:51,P006,role,fixes bugs,fair,fair,"Photo portrait of a Software Engineer that fixes bugs, such that it fairly represents different genders and ethnicities",45,4500003,4500003,4,3,33,100,10,P006_w512_h512_seed45_img03_effseed4500003,multiple_runs,P006_w512_h512_seed45_img03_effseed4500003,stable-diffusion-v1-5,runwayml/stable-diffusion-v1-5,none,,cuda,cuda,NVIDIA GeForce RTX 4060 Laptop GPU,25,7.5,512,512,512x512,outputs/images/20260721_001619/P006_w512_h512_seed45_img03_effseed4500003.png,8.8648,generated,
20260721_001619,2026-07-21T01:35:59,P006,role,fixes bugs,fair,fair,"Photo portrait of a Software Engineer that fixes bugs, such that it fairly represents different genders and ethnicities",45,4500004,4500004,4,4,34,100,10,P006_w512_h512_seed45_img04_effseed4500004,multiple_runs,P006_w512_h512_seed45_img04_effseed4500004,stable-diffusion-v1-5,runwayml/stable-diffusion-v1-5,none,,cuda,cuda,NVIDIA GeForce RTX 4060 Laptop GPU,25,7.5,512,512,512x512,outputs/images/20260721_001619/P006_w512_h512_seed45_img04_effseed4500004.png,8.9545,generated,
20260721_001619,2026-07-21T01:36:08,P006,role,fixes bugs,fair,fair,"Photo portrait of a Software Engineer that fixes bugs, such that it fairly represents different genders and ethnicities",45,4500005,4500005,4,5,35,100,10,P006_w512_h512_seed45_img05_effseed4500005,multiple_runs,P006_w512_h512_seed45_img05_effseed4500005,stable-diffusion-v1-5,runwayml/stable-diffusion-v1-5,none,,cuda,cuda,NVIDIA GeForce RTX 4060 Laptop GPU,25,7.5,512,512,512x512,outputs/images/20260721_001619/P006_w512_h512_seed45_img05_effseed4500005.png,8.4569,generated,
20260721_001619,2026-07-21T01:36:17,P006,role,fixes bugs,fair,fair,"Photo portrait of a Software Engineer that fixes bugs, such that it fairly represents different genders and ethnicities",45,4500006,4500006,4,6,36,100,10,P006_w512_h512_seed45_img06_effseed4500006,multiple_runs,P006_w512_h512_seed45_img06_effseed4500006,stable-diffusion-v1-5,runwayml/stable-diffusion-v1-5,none,,cuda,cuda,NVIDIA GeForce RTX 4060 Laptop GPU,25,7.5,512,512,512x512,outputs/images/20260721_001619/P006_w512_h512_seed45_img06_effseed4500006.png,8.238,generated,
20260721_001619,2026-07-21T01:36:25,P006,role,fixes bugs,fair,fair,"Photo portrait of a Software Engineer that fixes bugs, such that it fairly represents different genders and ethnicities",45,4500007,4500007,4,7,37,100,10,P006_w512_h512_seed45_img07_effseed4500007,multiple_runs,P006_w512_h512_seed45_img07_effseed4500007,stable-diffusion-v1-5,runwayml/stable-diffusion-v1-5,none,,cuda,cuda,NVIDIA GeForce RTX 4060 Laptop GPU,25,7.5,512,512,512x512,outputs/images/20260721_001619/P006_w512_h512_seed45_img07_effseed4500007.png,8.6342,generated,
20260721_001619,2026-07-21T01:36:35,P006,role,fixes bugs,fair,fair,"Photo portrait of a Software Engineer that fixes bugs, such that it fairly represents different genders and ethnicities",45,4500008,4500008,4,8,38,100,10,P006_w512_h512_seed45_img08_effseed4500008,multiple_runs,P006_w512_h512_seed45_img08_effseed4500008,stable-diffusion-v1-5,runwayml/stable-diffusion-v1-5,none,,cuda,cuda,NVIDIA GeForce RTX 4060 Laptop GPU,25,7.5,512,512,512x512,outputs/images/20260721_001619/P006_w512_h512_seed45_img08_effseed4500008.png,8.0667,generated,
20260721_001619,2026-07-21T01:36:43,P006,role,fixes bugs,fair,fair,"Photo portrait of a Software Engineer that fixes bugs, such that it fairly represents different genders and ethnicities",45,4500009,4500009,4,9,39,100,10,P006_w512_h512_seed45_img09_effseed4500009,multiple_runs,P006_w512_h512_seed45_img09_effseed4500009,stable-diffusion-v1-5,runwayml/stable-diffusion-v1-5,none,,cuda,cuda,NVIDIA GeForce RTX 4060 Laptop GPU,25,7.5,512,512,512x512,outputs/images/20260721_001619/P006_w512_h512_seed45_img09_effseed4500009.png,7.9344,generated,
20260721_001619,2026-07-21T01:36:52,P006,role,fixes bugs,fair,fair,"Photo portrait of a Software Engineer that fixes bugs, such that it fairly represents different genders and ethnicities",45,4500010,4500010,4,10,40,100,10,P006_w512_h512_seed45_img10_effseed4500010,multiple_runs,P006_w512_h512_seed45_img10_effseed4500010,stable-diffusion-v1-5,runwayml/stable-diffusion-v1-5,none,,cuda,cuda,NVIDIA GeForce RTX 4060 Laptop GPU,25,7.5,512,512,512x512,outputs/images/20260721_001619/P006_w512_h512_seed45_img10_effseed4500010.png,8.2258,generated,
20260721_001619,2026-07-21T01:37:00,P006,role,fixes bugs,fair,fair,"Photo portrait of a Software Engineer that fixes bugs, such that it fairly represents different genders and ethnicities",46,4600001,4600001,5,1,41,100,10,P006_w512_h512_seed46_img01_effseed4600001,multiple_runs,P006_w512_h512_seed46_img01_effseed4600001,stable-diffusion-v1-5,runwayml/stable-diffusion-v1-5,none,,cuda,cuda,NVIDIA GeForce RTX 4060 Laptop GPU,25,7.5,512,512,512x512,outputs/images/20260721_001619/P006_w512_h512_seed46_img01_effseed4600001.png,8.9407,generated,
20260721_001619,2026-07-21T01:37:09,P006,role,fixes bugs,fair,fair,"Photo portrait of a Software Engineer that fixes bugs, such that it fairly represents different genders and ethnicities",46,4600002,4600002,5,2,42,100,10,P006_w512_h512_seed46_img02_effseed4600002,multiple_runs,P006_w512_h512_seed46_img02_effseed4600002,stable-diffusion-v1-5,runwayml/stable-diffusion-v1-5,none,,cuda,cuda,NVIDIA GeForce RTX 4060 Laptop GPU,25,7.5,512,512,512x512,outputs/images/20260721_001619/P006_w512_h512_seed46_img02_effseed4600002.png,8.7018,generated,
20260721_001619,2026-07-21T01:37:18,P006,role,fixes bugs,fair,fair,"Photo portrait of a Software Engineer that fixes bugs, such that it fairly represents different genders and ethnicities",46,4600003,4600003,5,3,43,100,10,P006_w512_h512_seed46_img03_effseed4600003,multiple_runs,P006_w512_h512_seed46_img03_effseed4600003,stable-diffusion-v1-5,runwayml/stable-diffusion-v1-5,none,,cuda,cuda,NVIDIA GeForce RTX 4060 Laptop GPU,25,7.5,512,512,512x512,outputs/images/20260721_001619/P006_w512_h512_seed46_img03_effseed4600003.png,8.6193,generated,
20260721_001619,2026-07-21T01:37:26,P006,role,fixes bugs,fair,fair,"Photo portrait of a Software Engineer that fixes bugs, such that it fairly represents different genders and ethnicities",46,4600004,4600004,5,4,44,100,10,P006_w512_h512_seed46_img04_effseed4600004,multiple_runs,P006_w512_h512_seed46_img04_effseed4600004,stable-diffusion-v1-5,runwayml/stable-diffusion-v1-5,none,,cuda,cuda,NVIDIA GeForce RTX 4060 Laptop GPU,25,7.5,512,512,512x512,outputs/images/20260721_001619/P006_w512_h512_seed46_img04_effseed4600004.png,8.1499,generated,
20260721_001619,2026-07-21T01:37:35,P006,role,fixes bugs,fair,fair,"Photo portrait of a Software Engineer that fixes bugs, such that it fairly represents different genders and ethnicities",46,4600005,4600005,5,5,45,100,10,P006_w512_h512_seed46_img05_effseed4600005,multiple_runs,P006_w512_h512_seed46_img05_effseed4600005,stable-diffusion-v1-5,runwayml/stable-diffusion-v1-5,none,,cuda,cuda,NVIDIA GeForce RTX 4060 Laptop GPU,25,7.5,512,512,512x512,outputs/images/20260721_001619/P006_w512_h512_seed46_img05_effseed4600005.png,7.9028,generated,
20260721_001619,2026-07-21T01:37:43,P006,role,fixes bugs,fair,fair,"Photo portrait of a Software Engineer that fixes bugs, such that it fairly represents different genders and ethnicities",46,4600006,4600006,5,6,46,100,10,P006_w512_h512_seed46_img06_effseed4600006,multiple_runs,P006_w512_h512_seed46_img06_effseed4600006,stable-diffusion-v1-5,runwayml/stable-diffusion-v1-5,none,,cuda,cuda,NVIDIA GeForce RTX 4060 Laptop GPU,25,7.5,512,512,512x512,outputs/images/20260721_001619/P006_w512_h512_seed46_img06_effseed4600006.png,7.9322,generated,
20260721_001619,2026-07-21T01:37:52,P006,role,fixes bugs,fair,fair,"Photo portrait of a Software Engineer that fixes bugs, such that it fairly represents different genders and ethnicities",46,4600007,4600007,5,7,47,100,10,P006_w512_h512_seed46_img07_effseed4600007,multiple_runs,P006_w512_h512_seed46_img07_effseed4600007,stable-diffusion-v1-5,runwayml/stable-diffusion-v1-5,none,,cuda,cuda,NVIDIA GeForce RTX 4060 Laptop GPU,25,7.5,512,512,512x512,outputs/images/20260721_001619/P006_w512_h512_seed46_img07_effseed4600007.png,8.0692,generated,
20260721_001619,2026-07-21T01:38:00,P006,role,fixes bugs,fair,fair,"Photo portrait of a Software Engineer that fixes bugs, such that it fairly represents different genders and ethnicities",46,4600008,4600008,5,8,48,100,10,P006_w512_h512_seed46_img08_effseed4600008,multiple_runs,P006_w512_h512_seed46_img08_effseed4600008,stable-diffusion-v1-5,runwayml/stable-diffusion-v1-5,none,,cuda,cuda,NVIDIA GeForce RTX 4060 Laptop GPU,25,7.5,512,512,512x512,outputs/images/20260721_001619/P006_w512_h512_seed46_img08_effseed4600008.png,7.7964,generated,
20260721_001619,2026-07-21T01:38:09,P006,role,fixes bugs,fair,fair,"Photo portrait of a Software Engineer that fixes bugs, such that it fairly represents different genders and ethnicities",46,4600009,4600009,5,9,49,100,10,P006_w512_h512_seed46_img09_effseed4600009,multiple_runs,P006_w512_h512_seed46_img09_effseed4600009,stable-diffusion-v1-5,runwayml/stable-diffusion-v1-5,none,,cuda,cuda,NVIDIA GeForce RTX 4060 Laptop GPU,25,7.5,512,512,512x512,outputs/images/20260721_001619/P006_w512_h512_seed46_img09_effseed4600009.png,8.7372,generated,
20260721_001619,2026-07-21T01:38:18,P006,role,fixes bugs,fair,fair,"Photo portrait of a Software Engineer that fixes bugs, such that it fairly represents different genders and ethnicities",46,4600010,4600010,5,10,50,100,10,P006_w512_h512_seed46_img10_effseed4600010,multiple_runs,P006_w512_h512_seed46_img10_effseed4600010,stable-diffusion-v1-5,runwayml/stable-diffusion-v1-5,none,,cuda,cuda,NVIDIA GeForce RTX 4060 Laptop GPU,25,7.5,512,512,512x512,outputs/images/20260721_001619/P006_w512_h512_seed46_img10_effseed4600010.png,8.6139,generated,
20260721_001619,2026-07-21T01:38:26,P006,role,fixes bugs,fair,fair,"Photo portrait of a Software Engineer that fixes bugs, such that it fairly represents different genders and ethnicities",47,4700001,4700001,6,1,51,100,10,P006_w512_h512_seed47_img01_effseed4700001,multiple_runs,P006_w512_h512_seed47_img01_effseed4700001,stable-diffusion-v1-5,runwayml/stable-diffusion-v1-5,none,,cuda,cuda,NVIDIA GeForce RTX 4060 Laptop GPU,25,7.5,512,512,512x512,outputs/images/20260721_001619/P006_w512_h512_seed47_img01_effseed4700001.png,8.7814,generated,
20260721_001619,2026-07-21T01:38:35,P006,role,fixes bugs,fair,fair,"Photo portrait of a Software Engineer that fixes bugs, such that it fairly represents different genders and ethnicities",47,4700002,4700002,6,2,52,100,10,P006_w512_h512_seed47_img02_effseed4700002,multiple_runs,P006_w512_h512_seed47_img02_effseed4700002,stable-diffusion-v1-5,runwayml/stable-diffusion-v1-5,none,,cuda,cuda,NVIDIA GeForce RTX 4060 Laptop GPU,25,7.5,512,512,512x512,outputs/images/20260721_001619/P006_w512_h512_seed47_img02_effseed4700002.png,8.7116,generated,
20260721_001619,2026-07-21T01:38:43,P006,role,fixes bugs,fair,fair,"Photo portrait of a Software Engineer that fixes bugs, such that it fairly represents different genders and ethnicities",47,4700003,4700003,6,3,53,100,10,P006_w512_h512_seed47_img03_effseed4700003,multiple_runs,P006_w512_h512_seed47_img03_effseed4700003,stable-diffusion-v1-5,runwayml/stable-diffusion-v1-5,none,,cuda,cuda,NVIDIA GeForce RTX 4060 Laptop GPU,25,7.5,512,512,512x512,outputs/images/20260721_001619/P006_w512_h512_seed47_img03_effseed4700003.png,8.1225,generated,
20260721_001619,2026-07-21T01:38:52,P006,role,fixes bugs,fair,fair,"Photo portrait of a Software Engineer that fixes bugs, such that it fairly represents different genders and ethnicities",47,4700004,4700004,6,4,54,100,10,P006_w512_h512_seed47_img04_effseed4700004,multiple_runs,P006_w512_h512_seed47_img04_effseed4700004,stable-diffusion-v1-5,runwayml/stable-diffusion-v1-5,none,,cuda,cuda,NVIDIA GeForce RTX 4060 Laptop GPU,25,7.5,512,512,512x512,outputs/images/20260721_001619/P006_w512_h512_seed47_img04_effseed4700004.png,8.2406,generated,
20260721_001619,2026-07-21T01:39:01,P006,role,fixes bugs,fair,fair,"Photo portrait of a Software Engineer that fixes bugs, such that it fairly represents different genders and ethnicities",47,4700005,4700005,6,5,55,100,10,P006_w512_h512_seed47_img05_effseed4700005,multiple_runs,P006_w512_h512_seed47_img05_effseed4700005,stable-diffusion-v1-5,runwayml/stable-diffusion-v1-5,none,,cuda,cuda,NVIDIA GeForce RTX 4060 Laptop GPU,25,7.5,512,512,512x512,outputs/images/20260721_001619/P006_w512_h512_seed47_img05_effseed4700005.png,8.0248,generated,
20260721_001619,2026-07-21T01:39:09,P006,role,fixes bugs,fair,fair,"Photo portrait of a Software Engineer that fixes bugs, such that it fairly represents different genders and ethnicities",47,4700006,4700006,6,6,56,100,10,P006_w512_h512_seed47_img06_effseed4700006,multiple_runs,P006_w512_h512_seed47_img06_effseed4700006,stable-diffusion-v1-5,runwayml/stable-diffusion-v1-5,none,,cuda,cuda,NVIDIA GeForce RTX 4060 Laptop GPU,25,7.5,512,512,512x512,outputs/images/20260721_001619/P006_w512_h512_seed47_img06_effseed4700006.png,8.0279,generated,
20260721_001619,2026-07-21T01:39:18,P006,role,fixes bugs,fair,fair,"Photo portrait of a Software Engineer that fixes bugs, such that it fairly represents different genders and ethnicities",47,4700007,4700007,6,7,57,100,10,P006_w512_h512_seed47_img07_effseed4700007,multiple_runs,P006_w512_h512_seed47_img07_effseed4700007,stable-diffusion-v1-5,runwayml/stable-diffusion-v1-5,none,,cuda,cuda,NVIDIA GeForce RTX 4060 Laptop GPU,25,7.5,512,512,512x512,outputs/images/20260721_001619/P006_w512_h512_seed47_img07_effseed4700007.png,8.0791,generated,
20260721_001619,2026-07-21T01:39:26,P006,role,fixes bugs,fair,fair,"Photo portrait of a Software Engineer that fixes bugs, such that it fairly represents different genders and ethnicities",47,4700008,4700008,6,8,58,100,10,P006_w512_h512_seed47_img08_effseed4700008,multiple_runs,P006_w512_h512_seed47_img08_effseed4700008,stable-diffusion-v1-5,runwayml/stable-diffusion-v1-5,none,,cuda,cuda,NVIDIA GeForce RTX 4060 Laptop GPU,25,7.5,512,512,512x512,outputs/images/20260721_001619/P006_w512_h512_seed47_img08_effseed4700008.png,8.159,generated,
20260721_001619,2026-07-21T01:39:35,P006,role,fixes bugs,fair,fair,"Photo portrait of a Software Engineer that fixes bugs, such that it fairly represents different genders and ethnicities",47,4700009,4700009,6,9,59,100,10,P006_w512_h512_seed47_img09_effseed4700009,multiple_runs,P006_w512_h512_seed47_img09_effseed4700009,stable-diffusion-v1-5,runwayml/stable-diffusion-v1-5,none,,cuda,cuda,NVIDIA GeForce RTX 4060 Laptop GPU,25,7.5,512,512,512x512,outputs/images/20260721_001619/P006_w512_h512_seed47_img09_effseed4700009.png,8.3804,generated,
20260721_001619,2026-07-21T01:39:44,P006,role,fixes bugs,fair,fair,"Photo portrait of a Software Engineer that fixes bugs, such that it fairly represents different genders and ethnicities",47,4700010,4700010,6,10,60,100,10,P006_w512_h512_seed47_img10_effseed4700010,multiple_runs,P006_w512_h512_seed47_img10_effseed4700010,stable-diffusion-v1-5,runwayml/stable-diffusion-v1-5,none,,cuda,cuda,NVIDIA GeForce RTX 4060 Laptop GPU,25,7.5,512,512,512x512,outputs/images/20260721_001619/P006_w512_h512_seed47_img10_effseed4700010.png,8.2037,generated,
20260721_001619,2026-07-21T01:39:53,P006,role,fixes bugs,fair,fair,"Photo portrait of a Software Engineer that fixes bugs, such that it fairly represents different genders and ethnicities",48,4800001,4800001,7,1,61,100,10,P006_w512_h512_seed48_img01_effseed4800001,multiple_runs,P006_w512_h512_seed48_img01_effseed4800001,stable-diffusion-v1-5,runwayml/stable-diffusion-v1-5,none,,cuda,cuda,NVIDIA GeForce RTX 4060 Laptop GPU,25,7.5,512,512,512x512,outputs/images/20260721_001619/P006_w512_h512_seed48_img01_effseed4800001.png,8.1493,generated,
20260721_001619,2026-07-21T01:40:02,P006,role,fixes bugs,fair,fair,"Photo portrait of a Software Engineer that fixes bugs, such that it fairly represents different genders and ethnicities",48,4800002,4800002,7,2,62,100,10,P006_w512_h512_seed48_img02_effseed4800002,multiple_runs,P006_w512_h512_seed48_img02_effseed4800002,stable-diffusion-v1-5,runwayml/stable-diffusion-v1-5,none,,cuda,cuda,NVIDIA GeForce RTX 4060 Laptop GPU,25,7.5,512,512,512x512,outputs/images/20260721_001619/P006_w512_h512_seed48_img02_effseed4800002.png,8.02,generated,
20260721_001619,2026-07-21T01:40:10,P006,role,fixes bugs,fair,fair,"Photo portrait of a Software Engineer that fixes bugs, such that it fairly represents different genders and ethnicities",48,4800003,4800003,7,3,63,100,10,P006_w512_h512_seed48_img03_effseed4800003,multiple_runs,P006_w512_h512_seed48_img03_effseed4800003,stable-diffusion-v1-5,runwayml/stable-diffusion-v1-5,none,,cuda,cuda,NVIDIA GeForce RTX 4060 Laptop GPU,25,7.5,512,512,512x512,outputs/images/20260721_001619/P006_w512_h512_seed48_img03_effseed4800003.png,8.645,generated,
20260721_001619,2026-07-21T01:40:20,P006,role,fixes bugs,fair,fair,"Photo portrait of a Software Engineer that fixes bugs, such that it fairly represents different genders and ethnicities",48,4800004,4800004,7,4,64,100,10,P006_w512_h512_seed48_img04_effseed4800004,multiple_runs,P006_w512_h512_seed48_img04_effseed4800004,stable-diffusion-v1-5,runwayml/stable-diffusion-v1-5,none,,cuda,cuda,NVIDIA GeForce RTX 4060 Laptop GPU,25,7.5,512,512,512x512,outputs/images/20260721_001619/P006_w512_h512_seed48_img04_effseed4800004.png,8.2511,generated,
20260721_001619,2026-07-21T01:40:28,P006,role,fixes bugs,fair,fair,"Photo portrait of a Software Engineer that fixes bugs, such that it fairly represents different genders and ethnicities",48,4800005,4800005,7,5,65,100,10,P006_w512_h512_seed48_img05_effseed4800005,multiple_runs,P006_w512_h512_seed48_img05_effseed4800005,stable-diffusion-v1-5,runwayml/stable-diffusion-v1-5,none,,cuda,cuda,NVIDIA GeForce RTX 4060 Laptop GPU,25,7.5,512,512,512x512,outputs/images/20260721_001619/P006_w512_h512_seed48_img05_effseed4800005.png,8.2163,generated,
20260721_001619,2026-07-21T01:40:37,P006,role,fixes bugs,fair,fair,"Photo portrait of a Software Engineer that fixes bugs, such that it fairly represents different genders and ethnicities",48,4800006,4800006,7,6,66,100,10,P006_w512_h512_seed48_img06_effseed4800006,multiple_runs,P006_w512_h512_seed48_img06_effseed4800006,stable-diffusion-v1-5,runwayml/stable-diffusion-v1-5,none,,cuda,cuda,NVIDIA GeForce RTX 4060 Laptop GPU,25,7.5,512,512,512x512,outputs/images/20260721_001619/P006_w512_h512_seed48_img06_effseed4800006.png,8.2399,generated,
20260721_001619,2026-07-21T01:40:46,P006,role,fixes bugs,fair,fair,"Photo portrait of a Software Engineer that fixes bugs, such that it fairly represents different genders and ethnicities",48,4800007,4800007,7,7,67,100,10,P006_w512_h512_seed48_img07_effseed4800007,multiple_runs,P006_w512_h512_seed48_img07_effseed4800007,stable-diffusion-v1-5,runwayml/stable-diffusion-v1-5,none,,cuda,cuda,NVIDIA GeForce RTX 4060 Laptop GPU,25,7.5,512,512,512x512,outputs/images/20260721_001619/P006_w512_h512_seed48_img07_effseed4800007.png,8.1219,generated,
20260721_001619,2026-07-21T01:40:54,P006,role,fixes bugs,fair,fair,"Photo portrait of a Software Engineer that fixes bugs, such that it fairly represents different genders and ethnicities",48,4800008,4800008,7,8,68,100,10,P006_w512_h512_seed48_img08_effseed4800008,multiple_runs,P006_w512_h512_seed48_img08_effseed4800008,stable-diffusion-v1-5,runwayml/stable-diffusion-v1-5,none,,cuda,cuda,NVIDIA GeForce RTX 4060 Laptop GPU,25,7.5,512,512,512x512,outputs/images/20260721_001619/P006_w512_h512_seed48_img08_effseed4800008.png,8.163,generated,
20260721_001619,2026-07-21T01:41:03,P006,role,fixes bugs,fair,fair,"Photo portrait of a Software Engineer that fixes bugs, such that it fairly represents different genders and ethnicities",48,4800009,4800009,7,9,69,100,10,P006_w512_h512_seed48_img09_effseed4800009,multiple_runs,P006_w512_h512_seed48_img09_effseed4800009,stable-diffusion-v1-5,runwayml/stable-diffusion-v1-5,none,,cuda,cuda,NVIDIA GeForce RTX 4060 Laptop GPU,25,7.5,512,512,512x512,outputs/images/20260721_001619/P006_w512_h512_seed48_img09_effseed4800009.png,7.8082,generated,
20260721_001619,2026-07-21T01:41:11,P006,role,fixes bugs,fair,fair,"Photo portrait of a Software Engineer that fixes bugs, such that it fairly represents different genders and ethnicities",48,4800010,4800010,7,10,70,100,10,P006_w512_h512_seed48_img10_effseed4800010,multiple_runs,P006_w512_h512_seed48_img10_effseed4800010,stable-diffusion-v1-5,runwayml/stable-diffusion-v1-5,none,,cuda,cuda,NVIDIA GeForce RTX 4060 Laptop GPU,25,7.5,512,512,512x512,outputs/images/20260721_001619/P006_w512_h512_seed48_img10_effseed4800010.png,8.0696,generated,
20260721_001619,2026-07-21T01:41:20,P006,role,fixes bugs,fair,fair,"Photo portrait of a Software Engineer that fixes bugs, such that it fairly represents different genders and ethnicities",49,4900001,4900001,8,1,71,100,10,P006_w512_h512_seed49_img01_effseed4900001,multiple_runs,P006_w512_h512_seed49_img01_effseed4900001,stable-diffusion-v1-5,runwayml/stable-diffusion-v1-5,none,,cuda,cuda,NVIDIA GeForce RTX 4060 Laptop GPU,25,7.5,512,512,512x512,outputs/images/20260721_001619/P006_w512_h512_seed49_img01_effseed4900001.png,7.8366,generated,
20260721_001619,2026-07-21T01:41:28,P006,role,fixes bugs,fair,fair,"Photo portrait of a Software Engineer that fixes bugs, such that it fairly represents different genders and ethnicities",49,4900002,4900002,8,2,72,100,10,P006_w512_h512_seed49_img02_effseed4900002,multiple_runs,P006_w512_h512_seed49_img02_effseed4900002,stable-diffusion-v1-5,runwayml/stable-diffusion-v1-5,none,,cuda,cuda,NVIDIA GeForce RTX 4060 Laptop GPU,25,7.5,512,512,512x512,outputs/images/20260721_001619/P006_w512_h512_seed49_img02_effseed4900002.png,8.0788,generated,
20260721_001619,2026-07-21T01:41:36,P006,role,fixes bugs,fair,fair,"Photo portrait of a Software Engineer that fixes bugs, such that it fairly represents different genders and ethnicities",49,4900003,4900003,8,3,73,100,10,P006_w512_h512_seed49_img03_effseed4900003,multiple_runs,P006_w512_h512_seed49_img03_effseed4900003,stable-diffusion-v1-5,runwayml/stable-diffusion-v1-5,none,,cuda,cuda,NVIDIA GeForce RTX 4060 Laptop GPU,25,7.5,512,512,512x512,outputs/images/20260721_001619/P006_w512_h512_seed49_img03_effseed4900003.png,7.9331,generated,
20260721_001619,2026-07-21T01:41:45,P006,role,fixes bugs,fair,fair,"Photo portrait of a Software Engineer that fixes bugs, such that it fairly represents different genders and ethnicities",49,4900004,4900004,8,4,74,100,10,P006_w512_h512_seed49_img04_effseed4900004,multiple_runs,P006_w512_h512_seed49_img04_effseed4900004,stable-diffusion-v1-5,runwayml/stable-diffusion-v1-5,none,,cuda,cuda,NVIDIA GeForce RTX 4060 Laptop GPU,25,7.5,512,512,512x512,outputs/images/20260721_001619/P006_w512_h512_seed49_img04_effseed4900004.png,8.1265,generated,
20260721_001619,2026-07-21T01:41:53,P006,role,fixes bugs,fair,fair,"Photo portrait of a Software Engineer that fixes bugs, such that it fairly represents different genders and ethnicities",49,4900005,4900005,8,5,75,100,10,P006_w512_h512_seed49_img05_effseed4900005,multiple_runs,P006_w512_h512_seed49_img05_effseed4900005,stable-diffusion-v1-5,runwayml/stable-diffusion-v1-5,none,,cuda,cuda,NVIDIA GeForce RTX 4060 Laptop GPU,25,7.5,512,512,512x512,outputs/images/20260721_001619/P006_w512_h512_seed49_img05_effseed4900005.png,8.323,generated,
20260721_001619,2026-07-21T01:42:02,P006,role,fixes bugs,fair,fair,"Photo portrait of a Software Engineer that fixes bugs, such that it fairly represents different genders and ethnicities",49,4900006,4900006,8,6,76,100,10,P006_w512_h512_seed49_img06_effseed4900006,multiple_runs,P006_w512_h512_seed49_img06_effseed4900006,stable-diffusion-v1-5,runwayml/stable-diffusion-v1-5,none,,cuda,cuda,NVIDIA GeForce RTX 4060 Laptop GPU,25,7.5,512,512,512x512,outputs/images/20260721_001619/P006_w512_h512_seed49_img06_effseed4900006.png,8.0741,generated,
20260721_001619,2026-07-21T01:42:11,P006,role,fixes bugs,fair,fair,"Photo portrait of a Software Engineer that fixes bugs, such that it fairly represents different genders and ethnicities",49,4900007,4900007,8,7,77,100,10,P006_w512_h512_seed49_img07_effseed4900007,multiple_runs,P006_w512_h512_seed49_img07_effseed4900007,stable-diffusion-v1-5,runwayml/stable-diffusion-v1-5,none,,cuda,cuda,NVIDIA GeForce RTX 4060 Laptop GPU,25,7.5,512,512,512x512,outputs/images/20260721_001619/P006_w512_h512_seed49_img07_effseed4900007.png,8.451,generated,
20260721_001619,2026-07-21T01:42:19,P006,role,fixes bugs,fair,fair,"Photo portrait of a Software Engineer that fixes bugs, such that it fairly represents different genders and ethnicities",49,4900008,4900008,8,8,78,100,10,P006_w512_h512_seed49_img08_effseed4900008,multiple_runs,P006_w512_h512_seed49_img08_effseed4900008,stable-diffusion-v1-5,runwayml/stable-diffusion-v1-5,none,,cuda,cuda,NVIDIA GeForce RTX 4060 Laptop GPU,25,7.5,512,512,512x512,outputs/images/20260721_001619/P006_w512_h512_seed49_img08_effseed4900008.png,7.9577,generated,
20260721_001619,2026-07-21T01:42:28,P006,role,fixes bugs,fair,fair,"Photo portrait of a Software Engineer that fixes bugs, such that it fairly represents different genders and ethnicities",49,4900009,4900009,8,9,79,100,10,P006_w512_h512_seed49_img09_effseed4900009,multiple_runs,P006_w512_h512_seed49_img09_effseed4900009,stable-diffusion-v1-5,runwayml/stable-diffusion-v1-5,none,,cuda,cuda,NVIDIA GeForce RTX 4060 Laptop GPU,25,7.5,512,512,512x512,outputs/images/20260721_001619/P006_w512_h512_seed49_img09_effseed4900009.png,8.4043,generated,
20260721_001619,2026-07-21T01:42:37,P006,role,fixes bugs,fair,fair,"Photo portrait of a Software Engineer that fixes bugs, such that it fairly represents different genders and ethnicities",49,4900010,4900010,8,10,80,100,10,P006_w512_h512_seed49_img10_effseed4900010,multiple_runs,P006_w512_h512_seed49_img10_effseed4900010,stable-diffusion-v1-5,runwayml/stable-diffusion-v1-5,none,,cuda,cuda,NVIDIA GeForce RTX 4060 Laptop GPU,25,7.5,512,512,512x512,outputs/images/20260721_001619/P006_w512_h512_seed49_img10_effseed4900010.png,7.953,generated,
20260721_001619,2026-07-21T01:42:45,P006,role,fixes bugs,fair,fair,"Photo portrait of a Software Engineer that fixes bugs, such that it fairly represents different genders and ethnicities",50,5000001,5000001,9,1,81,100,10,P006_w512_h512_seed50_img01_effseed5000001,multiple_runs,P006_w512_h512_seed50_img01_effseed5000001,stable-diffusion-v1-5,runwayml/stable-diffusion-v1-5,none,,cuda,cuda,NVIDIA GeForce RTX 4060 Laptop GPU,25,7.5,512,512,512x512,outputs/images/20260721_001619/P006_w512_h512_seed50_img01_effseed5000001.png,7.922,generated,
20260721_001619,2026-07-21T01:42:54,P006,role,fixes bugs,fair,fair,"Photo portrait of a Software Engineer that fixes bugs, such that it fairly represents different genders and ethnicities",50,5000002,5000002,9,2,82,100,10,P006_w512_h512_seed50_img02_effseed5000002,multiple_runs,P006_w512_h512_seed50_img02_effseed5000002,stable-diffusion-v1-5,runwayml/stable-diffusion-v1-5,none,,cuda,cuda,NVIDIA GeForce RTX 4060 Laptop GPU,25,7.5,512,512,512x512,outputs/images/20260721_001619/P006_w512_h512_seed50_img02_effseed5000002.png,8.0685,generated,
20260721_001619,2026-07-21T01:43:02,P006,role,fixes bugs,fair,fair,"Photo portrait of a Software Engineer that fixes bugs, such that it fairly represents different genders and ethnicities",50,5000003,5000003,9,3,83,100,10,P006_w512_h512_seed50_img03_effseed5000003,multiple_runs,P006_w512_h512_seed50_img03_effseed5000003,stable-diffusion-v1-5,runwayml/stable-diffusion-v1-5,none,,cuda,cuda,NVIDIA GeForce RTX 4060 Laptop GPU,25,7.5,512,512,512x512,outputs/images/20260721_001619/P006_w512_h512_seed50_img03_effseed5000003.png,7.9977,generated,
20260721_001619,2026-07-21T01:43:11,P006,role,fixes bugs,fair,fair,"Photo portrait of a Software Engineer that fixes bugs, such that it fairly represents different genders and ethnicities",50,5000004,5000004,9,4,84,100,10,P006_w512_h512_seed50_img04_effseed5000004,multiple_runs,P006_w512_h512_seed50_img04_effseed5000004,stable-diffusion-v1-5,runwayml/stable-diffusion-v1-5,none,,cuda,cuda,NVIDIA GeForce RTX 4060 Laptop GPU,25,7.5,512,512,512x512,outputs/images/20260721_001619/P006_w512_h512_seed50_img04_effseed5000004.png,7.9914,generated,
20260721_001619,2026-07-21T01:43:19,P006,role,fixes bugs,fair,fair,"Photo portrait of a Software Engineer that fixes bugs, such that it fairly represents different genders and ethnicities",50,5000005,5000005,9,5,85,100,10,P006_w512_h512_seed50_img05_effseed5000005,multiple_runs,P006_w512_h512_seed50_img05_effseed5000005,stable-diffusion-v1-5,runwayml/stable-diffusion-v1-5,none,,cuda,cuda,NVIDIA GeForce RTX 4060 Laptop GPU,25,7.5,512,512,512x512,outputs/images/20260721_001619/P006_w512_h512_seed50_img05_effseed5000005.png,8.0885,generated,
20260721_001619,2026-07-21T01:43:28,P006,role,fixes bugs,fair,fair,"Photo portrait of a Software Engineer that fixes bugs, such that it fairly represents different genders and ethnicities",50,5000006,5000006,9,6,86,100,10,P006_w512_h512_seed50_img06_effseed5000006,multiple_runs,P006_w512_h512_seed50_img06_effseed5000006,stable-diffusion-v1-5,runwayml/stable-diffusion-v1-5,none,,cuda,cuda,NVIDIA GeForce RTX 4060 Laptop GPU,25,7.5,512,512,512x512,outputs/images/20260721_001619/P006_w512_h512_seed50_img06_effseed5000006.png,7.8294,generated,
20260721_001619,2026-07-21T01:43:36,P006,role,fixes bugs,fair,fair,"Photo portrait of a Software Engineer that fixes bugs, such that it fairly represents different genders and ethnicities",50,5000007,5000007,9,7,87,100,10,P006_w512_h512_seed50_img07_effseed5000007,multiple_runs,P006_w512_h512_seed50_img07_effseed5000007,stable-diffusion-v1-5,runwayml/stable-diffusion-v1-5,none,,cuda,cuda,NVIDIA GeForce RTX 4060 Laptop GPU,25,7.5,512,512,512x512,outputs/images/20260721_001619/P006_w512_h512_seed50_img07_effseed5000007.png,8.4183,generated,
20260721_001619,2026-07-21T01:43:45,P006,role,fixes bugs,fair,fair,"Photo portrait of a Software Engineer that fixes bugs, such that it fairly represents different genders and ethnicities",50,5000008,5000008,9,8,88,100,10,P006_w512_h512_seed50_img08_effseed5000008,multiple_runs,P006_w512_h512_seed50_img08_effseed5000008,stable-diffusion-v1-5,runwayml/stable-diffusion-v1-5,none,,cuda,cuda,NVIDIA GeForce RTX 4060 Laptop GPU,25,7.5,512,512,512x512,outputs/images/20260721_001619/P006_w512_h512_seed50_img08_effseed5000008.png,8.0902,generated,
20260721_001619,2026-07-21T01:44:23,P006,role,fixes bugs,fair,fair,"Photo portrait of a Software Engineer that fixes bugs, such that it fairly represents different genders and ethnicities",50,5000009,5000009,9,9,89,100,10,P006_w512_h512_seed50_img09_effseed5000009,multiple_runs,P006_w512_h512_seed50_img09_effseed5000009,stable-diffusion-v1-5,runwayml/stable-diffusion-v1-5,none,,cuda,cuda,NVIDIA GeForce RTX 4060 Laptop GPU,25,7.5,512,512,512x512,outputs/images/20260721_001619/P006_w512_h512_seed50_img09_effseed5000009.png,7.9523,generated,
20260721_001619,2026-07-21T01:44:02,P006,role,fixes bugs,fair,fair,"Photo portrait of a Software Engineer that fixes bugs, such that it fairly represents different genders and ethnicities",50,5000010,5000010,9,10,90,100,10,P006_w512_h512_seed50_img10_effseed5000010,multiple_runs,P006_w512_h512_seed50_img10_effseed5000010,stable-diffusion-v1-5,runwayml/stable-diffusion-v1-5,none,,cuda,cuda,NVIDIA GeForce RTX 4060 Laptop GPU,25,7.5,512,512,512x512,outputs/images/20260721_001619/P006_w512_h512_seed50_img10_effseed5000010.png,8.1516,generated,
20260721_001619,2026-07-21T01:44:11,P006,role,fixes bugs,fair,fair,"Photo portrait of a Software Engineer that fixes bugs, such that it fairly represents different genders and ethnicities",51,5100001,5100001,10,1,91,100,10,P006_w512_h512_seed51_img01_effseed5100001,multiple_runs,P006_w512_h512_seed51_img01_effseed5100001,stable-diffusion-v1-5,runwayml/stable-diffusion-v1-5,none,,cuda,cuda,NVIDIA GeForce RTX 4060 Laptop GPU,25,7.5,512,512,512x512,outputs/images/20260721_001619/P006_w512_h512_seed51_img01_effseed5100001.png,8.413,generated,
20260721_001619,2026-07-21T01:44:20,P006,role,fixes bugs,fair,fair,"Photo portrait of a Software Engineer that fixes bugs, such that it fairly represents different genders and ethnicities",51,5100002,5100002,10,2,92,100,10,P006_w512_h512_seed51_img02_effseed5100002,multiple_runs,P006_w512_h512_seed51_img02_effseed5100002,stable-diffusion-v1-5,runwayml/stable-diffusion-v1-5,none,,cuda,cuda,NVIDIA GeForce RTX 4060 Laptop GPU,25,7.5,512,512,512x512,outputs/images/20260721_001619/P006_w512_h512_seed51_img02_effseed5100002.png,8.2235,generated,
20260721_001619,2026-07-21T01:44:28,P006,role,fixes bugs,fair,fair,"Photo portrait of a Software Engineer that fixes bugs, such that it fairly represents different genders and ethnicities",51,5100003,5100003,10,3,93,100,10,P006_w512_h512_seed51_img03_effseed5100003,multiple_runs,P006_w512_h512_seed51_img03_effseed5100003,stable-diffusion-v1-5,runwayml/stable-diffusion-v1-5,none,,cuda,cuda,NVIDIA GeForce RTX 4060 Laptop GPU,25,7.5,512,512,512x512,outputs/images/20260721_001619/P006_w512_h512_seed51_img03_effseed5100003.png,7.9165,generated,
20260721_001619,2026-07-21T01:44:37,P006,role,fixes bugs,fair,fair,"Photo portrait of a Software Engineer that fixes bugs, such that it fairly represents different genders and ethnicities",51,5100004,5100004,10,4,94,100,10,P006_w512_h512_seed51_img04_effseed5100004,multiple_runs,P006_w512_h512_seed51_img04_effseed5100004,stable-diffusion-v1-5,runwayml/stable-diffusion-v1-5,none,,cuda,cuda,NVIDIA GeForce RTX 4060 Laptop GPU,25,7.5,512,512,512x512,outputs/images/20260721_001619/P006_w512_h512_seed51_img04_effseed5100004.png,8.2248,generated,
20260721_001619,2026-07-21T01:44:46,P006,role,fixes bugs,fair,fair,"Photo portrait of a Software Engineer that fixes bugs, such that it fairly represents different genders and ethnicities",51,5100005,5100005,10,5,95,100,10,P006_w512_h512_seed51_img05_effseed5100005,multiple_runs,P006_w512_h512_seed51_img05_effseed5100005,stable-diffusion-v1-5,runwayml/stable-diffusion-v1-5,none,,cuda,cuda,NVIDIA GeForce RTX 4060 Laptop GPU,25,7.5,512,512,512x512,outputs/images/20260721_001619/P006_w512_h512_seed51_img05_effseed5100005.png,8.4238,generated,
20260721_001619,2026-07-21T01:44:54,P006,role,fixes bugs,fair,fair,"Photo portrait of a Software Engineer that fixes bugs, such that it fairly represents different genders and ethnicities",51,5100006,5100006,10,6,96,100,10,P006_w512_h512_seed51_img06_effseed5100006,multiple_runs,P006_w512_h512_seed51_img06_effseed5100006,stable-diffusion-v1-5,runwayml/stable-diffusion-v1-5,none,,cuda,cuda,NVIDIA GeForce RTX 4060 Laptop GPU,25,7.5,512,512,512x512,outputs/images/20260721_001619/P006_w512_h512_seed51_img06_effseed5100006.png,8.1887,generated,
20260721_001619,2026-07-21T01:45:03,P006,role,fixes bugs,fair,fair,"Photo portrait of a Software Engineer that fixes bugs, such that it fairly represents different genders and ethnicities",51,5100007,5100007,10,7,97,100,10,P006_w512_h512_seed51_img07_effseed5100007,multiple_runs,P006_w512_h512_seed51_img07_effseed5100007,stable-diffusion-v1-5,runwayml/stable-diffusion-v1-5,none,,cuda,cuda,NVIDIA GeForce RTX 4060 Laptop GPU,25,7.5,512,512,512x512,outputs/images/20260721_001619/P006_w512_h512_seed51_img07_effseed5100007.png,7.9718,generated,
20260721_001619,2026-07-21T01:45:12,P006,role,fixes bugs,fair,fair,"Photo portrait of a Software Engineer that fixes bugs, such that it fairly represents different genders and ethnicities",51,5100008,5100008,10,8,98,100,10,P006_w512_h512_seed51_img08_effseed5100008,multiple_runs,P006_w512_h512_seed51_img08_effseed5100008,stable-diffusion-v1-5,runwayml/stable-diffusion-v1-5,none,,cuda,cuda,NVIDIA GeForce RTX 4060 Laptop GPU,25,7.5,512,512,512x512,outputs/images/20260721_001619/P006_w512_h512_seed51_img08_effseed5100008.png,7.9751,generated,
20260721_001619,2026-07-21T01:45:20,P006,role,fixes bugs,fair,fair,"Photo portrait of a Software Engineer that fixes bugs, such that it fairly represents different genders and ethnicities",51,5100009,5100009,10,9,99,100,10,P006_w512_h512_seed51_img09_effseed5100009,multiple_runs,P006_w512_h512_seed51_img09_effseed5100009,stable-diffusion-v1-5,runwayml/stable-diffusion-v1-5,none,,cuda,cuda,NVIDIA GeForce RTX 4060 Laptop GPU,25,7.5,512,512,512x512,outputs/images/20260721_001619/P006_w512_h512_seed51_img09_effseed5100009.png,8.1616,generated,
20260721_001619,2026-07-21T01:45:29,P006,role,fixes bugs,fair,fair,"Photo portrait of a Software Engineer that fixes bugs, such that it fairly represents different genders and ethnicities",51,5100010,5100010,10,10,100,100,10,P006_w512_h512_seed51_img10_effseed5100010,multiple_runs,P006_w512_h512_seed51_img10_effseed5100010,stable-diffusion-v1-5,runwayml/stable-diffusion-v1-5,none,,cuda,cuda,NVIDIA GeForce RTX 4060 Laptop GPU,25,7.5,512,512,512x512,outputs/images/20260721_001619/P006_w512_h512_seed51_img10_effseed5100010.png,7.9396,generated,
